address,label_1,label_2,label_3,label_4,label_5,label_6
DNfuF1L62WWyW3pNakVkyGGFzVVhj4Yr52jSmdTyeBHm,DNF(Mason的金狗猎手频道),顶级聪明钱4(顶级叙事聪明钱汇总),DNF(@Ga__ke)(Money Never Sleeps),聪明钱@Ga__ke(聚宝盆),热度可以 dnf(金狗秘籍),Gake DNF聪明钱(@Ga__ke)(精选聪明钱 & KOL 地址)
DrvR5Xn84VJ2HABTP3SnFi3V4W7EpZS6djoJC7HATeTg,龙头聪明钱(Mason的金狗猎手频道),Sencrazy(@Sencrazy_)(Money Never Sleeps),Sencrazy(化石手 胜率一般但盈利夸张)(精选聪明钱 & KOL 地址),,,
HUpPyLU8KWisCAr3mzWy2FKT6uuxQ2qGgJQxyTpDoes5,0xSun(Mason的金狗猎手频道),顶级聪明钱32(顶级叙事聪明钱汇总),0xSun(@0xSunNFT)(Money Never Sleeps),0xSun（sol)(聚宝盆),,
CLegS2MSiCsBksVazCg4Y7Gz3NqeBK21QyvzK4Q7S168,多面聪明钱(Mason的金狗猎手频道),顶级聪明钱13(顶级叙事聪明钱汇总),聪明钱009(Money Never Sleeps),quart拉盘22 前上人跟 重点(金狗秘籍),,
GyhmtpsSS5YftjkRkFuqqAvV5hu1vR9EDfWnBMxcXihT,高盈利聪明钱(Mason的金狗猎手频道),,,,,
G1pRtSyKuWSjTqRDcazzKBDzqEF96i1xSURpiXj3yFcc,CryptoD(Mason的金狗猎手频道),顶级聪明钱9(顶级叙事聪明钱汇总),CryptoD(@CryptoDevinL)(Money Never Sleeps),CryptoD 超小亏超大赚(聚宝盆),重仓 有人上跟(金狗秘籍),CryptoD(@CryptoDevinL)(精选聪明钱 & KOL 地址)
AVAZvHLR2PcWpDf8BXY4rVxNHYRBytycHkcB5z5QNXYm,老牌聪明钱(Ansem)(Mason的金狗猎手频道),Ansem(聚宝盆),,,,
45yBcpnzFTqLYQJtjxsa1DdZkgrTYponCg6yLQ6LQPu6,pump聪明钱(Mason的金狗猎手频道),顶级聪明钱30(顶级叙事聪明钱汇总),跟风趋势8 有人上跟(金狗秘籍),,,
52dq6ajenMwfVz5FYuPKKRzzjkW83Aa85X5xJgFHX7U1,聪明钱(Mason的金狗猎手频道),Smart Money 4(What smart money buy),,,,
4J5rDTvRbzjuKkB4B9rvNEvDz6f1BEBzUVT5mdctKHoT,低频高胜大聪明(Mason的金狗猎手频道),低频高收益(聚宝盆),低频高收益1(精选聪明钱 & KOL 地址),,,
CK15zgbG3SSbCFtfnn5TFKswzBxSTWSvaDNoVBgbKYu,冲动冲动再冲动(Mason的金狗猎手频道),威猛先生(@3W5fec)(Money Never Sleeps),威猛先生(精选聪明钱 & KOL 地址),,,
Ay9wnuZCRTceZJuRpGZnuwYZuWdsviM4cMiCwFoSQiPH,冷静哥(Mason的金狗猎手频道),冷静(@hexiecs)(Money Never Sleeps),冷静(聚宝盆),冷静(@hexiecs)(精选聪明钱 & KOL 地址),,
Gf9XgdmvNHt8fUTFsWAccNbKeyDXsgJyZN8iFJKg5Pbd,985学长(Mason的金狗猎手频道),985学长(@Unipioneer)(Money Never Sleeps),会找热度的选手 稳(金狗秘籍),985学长2(@Unipioneer)(精选聪明钱 & KOL 地址),,
5HScLdzxqPNyMiua4fqsQW49RNP772z7dNGXQbB4XAnD,BananaGang top2(Mason的金狗猎手频道),,,,,
FB17KCgFjwtEWduJAykvRcJnM5nYZvpHfWWg135V18KR,高倍alpha hunter(Mason的金狗猎手频道),,,,,
8deJ9xeUvXSJwicYptA9mHsU2rN2pDx37KWzkDkEXhU6,cooker(Mason的金狗猎手频道),Cooker(@CookerFlips)(Money Never Sleeps),him疑似(聚宝盆),重仓 好标 容易被埋(金狗秘籍),Cooker(@CookerFlips)(精选聪明钱 & KOL 地址),
GpNbukV5nggkJfsEEbKrJaZkdgYcNWCAaD91Mi4MmGQi,jingtao(Mason的金狗猎手频道),巨鲸聪明钱1(精选聪明钱 & KOL 地址),,,,
71CPXu3TvH3iUKaY1bNkAAow24k6tjH473SsKprQBABC,发誓要做钻石手的王小二(Mason的金狗猎手频道),顶级聪明钱2(顶级叙事聪明钱汇总),王小二(@brc20niubi)(Money Never Sleeps),王小二 大热必上(金狗秘籍),,
HkdH3WPY3v6guxboVMX4teZUBoRBm3iVb1N3Q7AEVmjd,小额聪明钱(Mason的金狗猎手频道),,,,,
3jgub3P9KP3XA9Dwh7XpKu35BiQNTZZXbPmfBAJMsroL,高倍高风险bot(Mason的金狗猎手频道),聪明钱050(Money Never Sleeps),侦察 狗上人跟(金狗秘籍),,,
CMDarQhUrahd9f3UNEaC5yfBi5ha8gsLEwP9aHZQeDLG,GOAT四百万巨鲸(Mason的金狗猎手频道),大资金风格(聚宝盆),,,,
2JrTudNHthFHtgHBoJdx9xKgGRAYrir7AUw7shvdW5uR,超大聪明钱(Mason的金狗猎手频道),大赚小亏(大额交易型(聚宝盆),,,,
8zFZHuSRuDpuAR7J6FzwyF3vKNx4CVW3DFHJerQhc7Zd,高盈利巨鲸(Mason的金狗猎手频道),顶级聪明钱18(顶级叙事聪明钱汇总),POW(@traderpow)(Money Never Sleeps),中线选手 大亏大赚(金狗秘籍),POW(@traderpow)(精选聪明钱 & KOL 地址),
BieeZkdnBAgNYknzo3RH2vku7FcPkFZMZmRJANh2TpW,超早期pump(Mason的金狗猎手频道),聪明钱001(Money Never Sleeps),宝宝很稳 10号(金狗秘籍),,,
4EsY8HQB4Ak65diFrSHjwWhKSGC8sKmnzyusM993gk2w,眼光不错赚的不多(Mason的金狗猎手频道),聪明钱011(Money Never Sleeps),早期侦察犬6(金狗秘籍),Smart Money 80(What smart money buy),,
FKy2QyHNz2H7K8c4pZnifdP3ogrG4JujwNEB5bTzFEL3,老牛(Mason的金狗猎手频道),,,,,
D37KwuoeLJJqVkD9EPaLD4zfwAZdp7WnH6BoJ5BPJ8rb,DNF小号(Mason的金狗猎手频道),顶级聪明钱16(顶级叙事聪明钱汇总),,,,
2h7s3FpSvc6v2oHke6Uqg191B5fPCeFTmMGnh5oPWhX7,重仓高赚(Mason的金狗猎手频道),,,,,
6vdXD7uu4zBXMjWecqMPWGsy5H7dSQXSYJS4gNqGbvTt,0xEdwin999(Mason的金狗猎手频道),顶级聪明钱45(顶级叙事聪明钱汇总),3dwen(@0xEdwin999)(Money Never Sleeps),@0xEdwin999(聚宝盆),热点追的快 晚上稳(金狗秘籍),3dwen(@0xEdwin999)(精选聪明钱 & KOL 地址)
2EkhJvG7eunHrecNsAijNx8aGcv2Kjd3schd12Gb5tmp,高胜率大资金(Mason的金狗猎手频道),顶级聪明钱39(顶级叙事聪明钱汇总),聪明钱020(Money Never Sleeps),quart拉盘33 前上人跟 重点(金狗秘籍),,
4q7rNU1nRUWY14vaLPpzpc2C756UQE36vaDwphBpLf2s,超高倍胜率低(Mason的金狗猎手频道),聪明钱018(Money Never Sleeps),河马和billy高倍数(聚宝盆),,,
9iyAyxFsCo7iNobHb84FVN6YP3VRJMAJHSbQ6X9nQEfJ,高倍早期聪明钱(Mason的金狗猎手频道),top pnl非交易型(聚宝盆),,,,
ABUqmjGYiZd4mFxVa2ZV4zZUUbB7a7U7EvoPkw4YHvC6,基本没错过大金狗(Mason的金狗猎手频道),猫哥FOREST40mGOAT6HShoggoth3D上车(聚宝盆),价值选手稳(金狗秘籍),,,
4XTbg7KcgrfbU1XqyXw3tAXXTxiVkpJMCHpPLMmBJBPW,只爱重仓(Mason的金狗猎手频道),顶级聪明钱70(顶级叙事聪明钱汇总),POW（Luce11Min上车7K30倍，热点、大亏大赚型(聚宝盆),中后期选手稳(金狗秘籍),,
429JrgvfDUNrp42PFkApqahXcNA4MG6fSxA9UMLM7CGR,某大佬新钱包(重仓胜率高)(Mason的金狗猎手频道),,,,,
CNudZYFgpbT26fidsiNrWfHeGTBMMeVWqruZXsEkcUPc,高倍高胜率聪明钱(嗅觉灵敏)(Mason的金狗猎手频道),顶级聪明钱26(顶级叙事聪明钱汇总),聪明钱012(Money Never Sleeps),重仓必参考(金狗秘籍),,
3JPYL9xEPFjefV3tccrUwhLzME1mMq2dQSDeDebgzQi6,重点关注！(Mason的金狗猎手频道),中后期技术 稳上(金狗秘籍),,,,
Eswaek4iZKHaVuS2GyQ96DScmfcf9eHLxdVNNyHDtoFk,趋势聪明钱(Mason的金狗猎手频道),,,,,
2m5498hY3hpSvm1pVyZwwyU6bpQGFGu3PADSoEoZFXQB,国外某kol(Mason的金狗猎手频道),,,,,
4mouYks3478R7mKibRQmeEmtKVruZRwxdzs6FKQrdDAa,大巨鲸(Mason的金狗猎手频道),,,,,
FpCgGwrowtdTM8hhHtP3o2shRJqThpnodEk3JG1bkPfx,jintao(Mason的金狗猎手频道),jingtao(聚宝盆),Jingtao(@muzzyvermillion)(精选聪明钱 & KOL 地址),,,
6Lryw5scQVc6JbmzqtiF8Fz8kTXEuqM6LusH4qjUpbC1,老鹰2(Mason的金狗猎手频道),,,,,
ERjCjBRinnL5zGgURC2DneErtqzojV7oNHhqiGnHcXW1,新巨鲸(Mason的金狗猎手频道),聪明钱013(Money Never Sleeps),热点侦察犬6 上人跟(金狗秘籍),,,
9PTQXd1281UV51hagmjX4ykgkMaduTDhT4663nNS6aVm,老鹰6(Mason的金狗猎手频道),,,,,
9CPoMRvT6AoLNPJvajiVbpVZR9eJM9sUbHeWw1UjFRBg,老鹰7(Mason的金狗猎手频道),,,,,
3tCH6UuYKHd7V6beXXvVdRTwBfr4NuTvHyjRd9i1QEW4,老鹰9(Mason的金狗猎手频道),,,,,
3iaVqgmKhuNztoV53oAbt8WVukhDwir4qMWLeuyGq722,老鹰10(Mason的金狗猎手频道),,,,,
GHVdWr5AwzehrivEdK2z1LzExhvkSGKNakDSvxCy7fyj,老鹰11(Mason的金狗猎手频道),,,,,
BUhDg7dW7F6ZF8bQAEwTZo1HyNNrRTCLR1MQNSKVYU2i,老鹰12(Mason的金狗猎手频道),聪明钱021(Money Never Sleeps),中后期选手5 重仓稳(金狗秘籍),,,
CUunb4piqJFhxF2GaphJ9X283jYRd1jt8UzVCgeoPCsi,CUunb4...eoPCsi(Mason的金狗猎手频道),热度顺势选手(金狗秘籍),,,,
Ex5UkpSmcS3zaGyYsv1GFcuRah5U8zvPxp9NBC4KCuVB,莱特3(Mason的金狗猎手频道),,,,,
AqoKWw6z5uUv3xuwF18AFvJUin1kipcLHBd1HZQNJV99,莱特5(Mason的金狗猎手频道),顶级聪明钱60(顶级叙事聪明钱汇总),中线趋势选手8号 重仓稳(金狗秘籍),,,
3QLV3puPhL3eX1cikhc6oxmXW8tA2xV1j6d8sfB7Fcmd,莱特4(Mason的金狗猎手频道),,,,,
Hg6xLWjinafN9UWitaVVRoGDw5rQhpwiPfHwmAjQcpeJ,莱特1(Mason的金狗猎手频道),,,,,
GednEH4dgpdvTdUgDNHg4BAHLa5KPQojbcHSF6eg38JB,莱特2(Mason的金狗猎手频道),,,,,
59JHRSyXDSvKT4J1HWs18FWBxyLTNZV2r9pxHWZRjgnv,莱特9(Mason的金狗猎手频道),侦察兔 早期稳(金狗秘籍),,,,
6cciuhJPH5r2tJZ3gRLPQqacGTmMkvRCmFFM89VfSaV7,莱特12(Mason的金狗猎手频道),,,,,
Cw2M6gGJHZhqMqKnoQg59g8W9b2FW3uBQkqMj96dgeoc,莱特10(Mason的金狗猎手频道),宝宝很稳 8号(金狗秘籍),,,,
3Fmtt6hS4UU6rRqAH4Cb7ZuujjgTBS5kCfAKbAUtu2xD,莱特15(Mason的金狗猎手频道),,,,,
FdvYZ99wuATUdd6fuSqyAMJRoGLrcHivnuWHxgst475p,网红2(Mason的金狗猎手频道),顶级聪明钱3(顶级叙事聪明钱汇总),,,,
EJXQSBTiAUu1zrioeMnwh5X6iu53fvhZbcghn8Ht6nZv,网红1(Mason的金狗猎手频道),,,,,
9NNAetBQDgzcdUMjEmCLKEJ6AXKDAuJDEqNhvXgEmn4L,网红5(Mason的金狗猎手频道),,,,,
FhAxeqEV1oDC5S7SHN3sz56WPWgJKFDMX2YZpvhZ6S47,网红6(Mason的金狗猎手频道),,,,,
5UZhCTEFdsCJq7MLDngqm4G4zamDqvkxkj3Gtk3vwJBd,网红3(Mason的金狗猎手频道),,,,,
GkmaeFZw92ie5SM1V8QiNNRarqjZb8PUTcMHXjoZmHbJ,网红10(Mason的金狗猎手频道),,,,,
9iRrNkFrAjhNK3R7usu2dtTPapGN2ChC7VNZmU9mhc7C,网红11(Mason的金狗猎手频道),,,,,
DZxaumHJ3fy8TpZTap6kZLQQ4FCgo5XEirVNkHQ9j9qk,网红7(Mason的金狗猎手频道),,,,,
HynqkWfpBqCKoRFeCbvA9dcDLqBKEGFHxe4916eaxPFg,网红13(Mason的金狗猎手频道),,,,,
4BZxETNLAfcvK18PcvcFDx6s1kd3pfcGFwn6S63K7iQm,网红12(Mason的金狗猎手频道),,,,,
Eqxr8e3tuavYEV5xbomqkCrrkJ69xVaGNm5ZwKc4k2aZ,KACY 1(Mason的金狗猎手频道),重仓稳 出手少(金狗秘籍),,,,
sndaQxXC4k6uY96Xz2xiiydE7gJECSTUUH1hssj6uh5,KACY 2(Mason的金狗猎手频道),,,,,
2oUxQHuvHfrxJeAchrftKgycEHm1htgYEMZy4cTqaW52,KACY4(Mason的金狗猎手频道),,,,,
5mmGgyMdxAKBfF1ydNUXaHvQtFT4foQtS7eoe4rUL7E,KACY 5(Mason的金狗猎手频道),,,,,
DUzSyZ8UwjYAhh3RAXh3Vmn5T8VSDsSZXB1NKgJs39Cs,KACY 3(Mason的金狗猎手频道),,,,,
81nTDVdocgwZRXtDoX9waDGdYQJQYzAyNuRhx9QSt4nc,只关注50s以上买入(Mason的金狗猎手频道),,,,,
7SukE46eQsEcGXp4ZwF2m5sE61d7BTgHd2xPan4HnJ2A,KACY 6(Mason的金狗猎手频道),,,,,
4SoyyC2X9bwqKhwQKEctDCDpR6JmFE3ZShUHmoN6pgDD,超强从不错过大热(Mason的金狗猎手频道),超强从不错过大热(Mason的金狗猎手频道),早期 稳定 热点(金狗秘籍),,,
GP2qecDw54mjHK2qLhZV8cVSYjhs8eGZdhhyn8tLDrSA,前中期聪明钱(Mason的金狗猎手频道),前中期聪明钱(Mason的金狗猎手频道),,,,
G2upvNYaDkzvXWy7s6zZZhHXj4gtJsfYRHCXY89W2wuv,早期内盘风险(Mason的金狗猎手频道),早期内盘风险(Mason的金狗猎手频道),,,,
ATmKENkRrL1JQQnoUNAQvkiwgjiHKUkzyncxTGxyzQL1,JAIL 1 (配合其他信号)(Mason的金狗猎手频道),JAIL 1 (配合其他信号)(Mason的金狗猎手频道),兔子11号 稳(金狗秘籍),,,
4h1bnWhu7jg3HskjWrpxmV4LQ9ZNgSYsNwmUbJQiGWkV,新早期超强高风险(Mason的金狗猎手频道),新早期超强高风险(Mason的金狗猎手频道),,,,
7ctwtaPmPju6RokA7sXeu1A9a5E44WdfxvhPva6UbFpB,JAIL阴谋（观察）(Mason的金狗猎手频道),JAIL阴谋（观察）(Mason的金狗猎手频道),,,,
9UWZFoiCHeYRLmzmDJhdMrP7wgrTw7DMSpPiT2eHgJHe,金狗巨鲸（老外内幕）(Mason的金狗猎手频道),金狗巨鲸（老外内幕）(Mason的金狗猎手频道),顶级聪明钱1(顶级叙事聪明钱汇总),聪明钱008(Money Never Sleeps),,
BfqHS3Qy8TUfUqYBUYckLC651SWRu3GLCcP98zayhku3,金狗嗅觉(Mason的金狗猎手频道),金狗嗅觉(Mason的金狗猎手频道),兔子66号 稳(金狗秘籍),,,
rp8ntGS7P2k3faTvsRSWxQLa3B68DetNbwe1GHLiTUK,ARC2 (谨慎)(Mason的金狗猎手频道),ARC2 (谨慎)(Mason的金狗猎手频道),暴击小子 容易被埋 注意(金狗秘籍),,,
GVjYGNde2aRzd5wGPbRvCpSPpZVYPZQiu1GuYmEYxqkX,百万巨鲸(Mason的金狗猎手频道),百万巨鲸(Mason的金狗猎手频道),顶级聪明钱25(顶级叙事聪明钱汇总),,,
HABhDh9zrzf8mA4SBo1yro8M6AirH2hZdLNPpuvMH6iA,ARC 1(Mason的金狗猎手频道),ARC 1(Mason的金狗猎手频道),,,,
BH84Uo2YAnyWRUWeWyfFzttRmE51V682xUaD6NrLHM88,平时大亏大金狗从不错过(Mason的金狗猎手频道),平时大亏大金狗从不错过(Mason的金狗猎手频道),,,,
3kXhcEUW8fEeASzJwanqQwpScS2vF7fkZYzNUNh4t1rC,超早聪明钱(Mason的金狗猎手频道),,,,,
E82uKSzbi1YHuEPDkVV93xz5zE7phNeMmENQieyyX3kH,八百万巨鲸(Mason的金狗猎手频道),顶级聪明钱34(顶级叙事聪明钱汇总),,,,
FwbFfNqzDuB8SnH1iWpmE6e7MoUDLVrxNWXVyPLaEccP,疑似超强群友(Mason的金狗猎手频道),,,,,
AuvtNJMmzL9nhqGphC5ZLbur7s6wjtrVQRNY9noXWoFJ,热点追踪 (中期)(Mason的金狗猎手频道),热点追踪 (中期)(Mason的金狗猎手频道),顶级聪明钱38(顶级叙事聪明钱汇总),,,
7uhKbphArXBHnUYG1yZm1m1e4KrrgRFVUVgfXTtm3pfC,超强鲸鱼 (频率超低)(Mason的金狗猎手频道),超强鲸鱼 (频率超低)(Mason的金狗猎手频道),,,,
Dq7d954ZWuqFY3yPTTGqhdVTyFdPaVXVLDmgh3oM7Nq7,强聪明钱(Mason的金狗猎手频道),,,,,
6KVyzB7Sxx2Rnk7J8ZEhBZPbKyiRq3tPY9YNhtCjcems,低胜率巨鲸(Mason的金狗猎手频道),顶级聪明钱51(顶级叙事聪明钱汇总),,,,
8T9mnATndr2aUw9r28uTtxKSh2JfqJwrctW6XaWPHTgy,稳定鲸鱼(Mason的金狗猎手频道),大兔子 1号(金狗秘籍),,,,
3XcHbc5Z7GfM3nXkP7NE8GT7ZawVsekxEfmPCofD1kcc,UBC 4(Mason的金狗猎手频道),UBC 4(Mason的金狗猎手频道),,,,
9zckZP4aqjo8kqLJu2uaig8pZ7yDNmfTBKmjc86F4wfq,Mustard 1 (频繁亏大金狗赚)(Mason的金狗猎手频道),,,,,
3cDCdriSsgjpUERc1C2CxTqJr1J3NftiWm35pKZVFBj7,Mustard 2(Mason的金狗猎手频道),宝宝很稳 3号(金狗秘籍),,,,
52SkZynpoD6kzFXoDab7t8gt3g4kb5LFhaVCegmhmR7V,UBC 2(Mason的金狗猎手频道),,,,,
GuvEZ8tDqHJn8DCyECCT3HXdEEzMFgsbihZPrYRSzLwd,UBC 1(Mason的金狗猎手频道),顶级聪明钱65(顶级叙事聪明钱汇总),,,,
D4yR6vQeJi7mfMT2iWdTxVVaB42itQ6pwtQHDFqyLUaQ,只玩大热门(Mason的金狗猎手频道),,,,,
3XcHbc5Z7GfM3nXkP7NE8GT7ZawVsekxEfmPCofD1kcc,UBC 4(Mason的金狗猎手频道),UBC 4(Mason的金狗猎手频道),,,,
87Hnwjwp28WPBLrc1JcuxWxQJenknT2zdN3atbNgtN7t,UBC 5(Mason的金狗猎手频道),,,,,
RtSjXMTb6M5UMaXLZDD8aU3YzUSosFUH3s2ERsEUgfU,UBC 3(Mason的金狗猎手频道),,,,,
3SYQn32YG7XowiCzXKuXqnqBWtFvQDp3WeK36eE8rTEi,凉粉小刀(Mason的金狗猎手频道),凉粉小刀(@liangfenxiaodao)(Money Never Sleeps),凉粉小刀(聚宝盆),凉粉小刀(@liangfenxiaodao)(精选聪明钱 & KOL 地址),,
4SXPW5j3FuMC6ycggLx5KAxbrqqddFkHVyX19ZrjJmhP,老鹰14(Mason的金狗猎手频道),,,,,
7uhKbphArXBHnUYG1yZm1m1e4KrrgRFVUVgfXTtm3pfC,超强鲸鱼 (频率超低)(Mason的金狗猎手频道),超强鲸鱼 (频率超低)(Mason的金狗猎手频道),,,,
AuvtNJMmzL9nhqGphC5ZLbur7s6wjtrVQRNY9noXWoFJ,热点追踪 (中期)(Mason的金狗猎手频道),热点追踪 (中期)(Mason的金狗猎手频道),顶级聪明钱38(顶级叙事聪明钱汇总),,,
C4drNWqcAYpzfuHHp5GBfj44LasfiJsvtJjgZ2U1YS9x,老聪明钱(Mason的金狗猎手频道),,,,,
4SoyyC2X9bwqKhwQKEctDCDpR6JmFE3ZShUHmoN6pgDD,超强从不错过大热(Mason的金狗猎手频道),超强从不错过大热(Mason的金狗猎手频道),早期 稳定 热点(金狗秘籍),,,
GP2qecDw54mjHK2qLhZV8cVSYjhs8eGZdhhyn8tLDrSA,前中期聪明钱(Mason的金狗猎手频道),前中期聪明钱(Mason的金狗猎手频道),,,,
G2upvNYaDkzvXWy7s6zZZhHXj4gtJsfYRHCXY89W2wuv,早期内盘风险(Mason的金狗猎手频道),早期内盘风险(Mason的金狗猎手频道),,,,
ATmKENkRrL1JQQnoUNAQvkiwgjiHKUkzyncxTGxyzQL1,JAIL 1 (配合其他信号)(Mason的金狗猎手频道),JAIL 1 (配合其他信号)(Mason的金狗猎手频道),兔子11号 稳(金狗秘籍),,,
4h1bnWhu7jg3HskjWrpxmV4LQ9ZNgSYsNwmUbJQiGWkV,新早期超强高风险(Mason的金狗猎手频道),新早期超强高风险(Mason的金狗猎手频道),,,,
7ctwtaPmPju6RokA7sXeu1A9a5E44WdfxvhPva6UbFpB,JAIL阴谋（观察）(Mason的金狗猎手频道),JAIL阴谋（观察）(Mason的金狗猎手频道),,,,
9UWZFoiCHeYRLmzmDJhdMrP7wgrTw7DMSpPiT2eHgJHe,金狗巨鲸（老外内幕）(Mason的金狗猎手频道),金狗巨鲸（老外内幕）(Mason的金狗猎手频道),顶级聪明钱1(顶级叙事聪明钱汇总),聪明钱008(Money Never Sleeps),,
BfqHS3Qy8TUfUqYBUYckLC651SWRu3GLCcP98zayhku3,金狗嗅觉(Mason的金狗猎手频道),金狗嗅觉(Mason的金狗猎手频道),兔子66号 稳(金狗秘籍),,,
rp8ntGS7P2k3faTvsRSWxQLa3B68DetNbwe1GHLiTUK,ARC2 (谨慎)(Mason的金狗猎手频道),ARC2 (谨慎)(Mason的金狗猎手频道),暴击小子 容易被埋 注意(金狗秘籍),,,
GVjYGNde2aRzd5wGPbRvCpSPpZVYPZQiu1GuYmEYxqkX,百万巨鲸(Mason的金狗猎手频道),百万巨鲸(Mason的金狗猎手频道),顶级聪明钱25(顶级叙事聪明钱汇总),,,
HABhDh9zrzf8mA4SBo1yro8M6AirH2hZdLNPpuvMH6iA,ARC 1(Mason的金狗猎手频道),ARC 1(Mason的金狗猎手频道),,,,
BH84Uo2YAnyWRUWeWyfFzttRmE51V682xUaD6NrLHM88,平时大亏大金狗从不错过(Mason的金狗猎手频道),平时大亏大金狗从不错过(Mason的金狗猎手频道),,,,
GuvEZ8tDqHJn8DCyECCT3HXdEEzMFgsbihZPrYRSzLwd,UBC 1(Mason的金狗猎手频道),顶级聪明钱65(顶级叙事聪明钱汇总),,,,
A1ECE86o3tz6UWmwMWicrqZmwRZ7RCRzmYYa9okNQRBw,顶级聪明钱66(顶级叙事聪明钱汇总),,,,,
32nqmjYBupiMRaf8RLz42TAEnK2da44hebQCv5Gtu7W6,顶级聪明钱67(顶级叙事聪明钱汇总),,,,,
5wagRVSuUBZqDhBVR899emmu7WRWMVAEShdwjyGYJBKi,顶级聪明钱68(顶级叙事聪明钱汇总),,,,,
5q7Xwc2T57sK1DKU6zuwVXvMPsxqB2xrJ3T5AonFYtcY,顶级聪明钱69(顶级叙事聪明钱汇总),聪明钱042(Money Never Sleeps),热点犬 上大户可跟(金狗秘籍),,,
4XTbg7KcgrfbU1XqyXw3tAXXTxiVkpJMCHpPLMmBJBPW,只爱重仓(Mason的金狗猎手频道),顶级聪明钱70(顶级叙事聪明钱汇总),POW（Luce11Min上车7K30倍，热点、大亏大赚型(聚宝盆),中后期选手稳(金狗秘籍),,
Avc4fcAvrXRNnoEjwRVgM61EjwKX6smdPspGQjeRWLV1,顶级聪明钱71(顶级叙事聪明钱汇总),,,,,
GH4NtrMtTrxRDMbQacT6bgyWVwDkoujLnCYwUY9pa5Cu,顶级聪明钱72(顶级叙事聪明钱汇总),,,,,
hJRWEXNPGcjvYyPqttHC4Fba3ZeNDBFkb15E32EwhAR,顶级聪明钱73(顶级叙事聪明钱汇总),,,,,
DxjmHXm1p7cs8Tezdf2EJm5xnwp9QC2E8CbfD1aXeH1j,顶级聪明钱74(顶级叙事聪明钱汇总),him(@himgajria)(Money Never Sleeps),him(@himgajria) AI喊单王(精选聪明钱 & KOL 地址),,,
48DPMy5BtdXe2pYDK4QfXrrkaurUFZisdxoqtf84iT6i,顶级聪明钱75(顶级叙事聪明钱汇总),,,,,
BWR2YQ5V27MfkhJ2bhZdEafDDkvEZE62on5XjNh5DUTp,顶级聪明钱76(顶级叙事聪明钱汇总),,,,,
D6nUhQ7o3TQwk243mgVS5hsdkuJk71fxZib3KxY4Upyv,顶级聪明钱54(顶级叙事聪明钱汇总),,,,,
Eh8xwUgcK86J6PtAJtAb4CAzX4XuGnLpoNwHVThrYQAV,顶级聪明钱55(顶级叙事聪明钱汇总),,,,,
65jT5wk8FQyUWcSjgBsBRLU5NiSYGVYwRSKRiopPNAQ3,顶级聪明钱56(顶级叙事聪明钱汇总),,,,,
6uM7KDhBJnt8571QsrRbHeEdXsdwvQy2r5Muu18ApyyW,顶级聪明钱57(顶级叙事聪明钱汇总),,,,,
G9fmyVHqWS94YRfyQjYVUdf8oPufkoxbUWCLiHJyR8Br,顶级聪明钱58(顶级叙事聪明钱汇总),,,,,
62FZUSWPMX9pofoV1uWHMdzFJRjwMa1LHgh2zhdEB7Zj,顶级聪明钱59(顶级叙事聪明钱汇总),,,,,
AqoKWw6z5uUv3xuwF18AFvJUin1kipcLHBd1HZQNJV99,莱特5(Mason的金狗猎手频道),顶级聪明钱60(顶级叙事聪明钱汇总),中线趋势选手8号 重仓稳(金狗秘籍),,,
2UQMSPGU72J46ZgwpAY4xJu4w4UCpF893nDH5KCUgdPD,顶级聪明钱61(顶级叙事聪明钱汇总),,,,,
AH7YsepLqKQyBrW27t25wtic6quVtG4wZsY1ys6gCE3a,顶级聪明钱62(顶级叙事聪明钱汇总),,,,,
BZi5L1mCmVjXdUmeCRQWfKvuWqXakmRYQPFpmS559hD1,顶级聪明钱63(顶级叙事聪明钱汇总),,,,,
9mXZsKuQGeHeVCcxQntr2LdJfWB9sBnXgRXrFj7Bfsg5,顶级聪明钱41(顶级叙事聪明钱汇总),聪明钱027(Money Never Sleeps),,,,
H5pe2T1bdQcYARJuRUH5DW2nbWPdo4T98c99FbpcL7A7,顶级聪明钱42(顶级叙事聪明钱汇总),,,,,
Bx8Z57oNxkYuhAL3Tp5FgDvLG2pBhecZhDdZmZjeNLyp,顶级聪明钱43(顶级叙事聪明钱汇总),,,,,
CBRvUc4qKowpE6k1qfsZyvTU37xtVncvk2xr7qAYPbiP,顶级聪明钱44(顶级叙事聪明钱汇总),,,,,
6vdXD7uu4zBXMjWecqMPWGsy5H7dSQXSYJS4gNqGbvTt,0xEdwin999(Mason的金狗猎手频道),顶级聪明钱45(顶级叙事聪明钱汇总),3dwen(@0xEdwin999)(Money Never Sleeps),@0xEdwin999(聚宝盆),热点追的快 晚上稳(金狗秘籍),3dwen(@0xEdwin999)(精选聪明钱 & KOL 地址)
2WfFDAfhkwJyLZjMAtismKmQFDHqKpJUtpF3h2NnUaTt,顶级聪明钱46(顶级叙事聪明钱汇总),,,,,
DecXrBS8ADaac7yqLcC6WxNNAfMhVsF1SHmvSNv66yDe,顶级聪明钱47(顶级叙事聪明钱汇总),,,,,
Fqgsp9CziV5DhyseYahkbFWLPFwFKsMyoK3abEjauw6Y,顶级聪明钱48(顶级叙事聪明钱汇总),,,,,
EbNr5s54pCUFzEyBDjJWwqYQc7R5E8udmPEpDLwpbjKq,顶级聪明钱49(顶级叙事聪明钱汇总),,,,,
4qtNfXBi3D5UM3ACjoyBJgboR2CqY9RsABxBhsUsD9wD,顶级聪明钱50(顶级叙事聪明钱汇总),,,,,
6KVyzB7Sxx2Rnk7J8ZEhBZPbKyiRq3tPY9YNhtCjcems,低胜率巨鲸(Mason的金狗猎手频道),顶级聪明钱51(顶级叙事聪明钱汇总),,,,
FaQQATa15TpZRqbVSCs7VYtFq5rUp9e6zw5zSzdpfPYJ,顶级聪明钱52(顶级叙事聪明钱汇总),,,,,
DF4iXy26ihNmMupHcmYCJf5TdpKs5Ep94E29y8QA6xGf,顶级聪明钱53(顶级叙事聪明钱汇总),,,,,
CPydqKcEEeKTR6wt3L15G8S5Ea4bxjS2vvjiW9vw1UwK,顶级聪明钱27(顶级叙事聪明钱汇总),,,,,
687kTFNvKG9GXf8UsPzyrKbKpz5ExNrSCWfs7S4PTGiL,顶级聪明钱28(顶级叙事聪明钱汇总),聪明钱024(Money Never Sleeps),宝宝很稳 8号(金狗秘籍),,,
AbcX4XBm7DJ3i9p29i6sU8WLmiW4FWY5tiwB9D6UBbcE,顶级聪明钱29(顶级叙事聪明钱汇总),聪明钱017(Money Never Sleeps),实力强庄钱包 中后期(金狗秘籍),,,
45yBcpnzFTqLYQJtjxsa1DdZkgrTYponCg6yLQ6LQPu6,pump聪明钱(Mason的金狗猎手频道),顶级聪明钱30(顶级叙事聪明钱汇总),跟风趋势8 有人上跟(金狗秘籍),,,
Cogv5PSB1sPp5j9zxm73kd7RJsEo2Hf3e1TfUmXCfXku,顶级聪明钱31(顶级叙事聪明钱汇总),,,,,
HUpPyLU8KWisCAr3mzWy2FKT6uuxQ2qGgJQxyTpDoes5,0xSun(Mason的金狗猎手频道),顶级聪明钱32(顶级叙事聪明钱汇总),0xSun(@0xSunNFT)(Money Never Sleeps),0xSun（sol)(聚宝盆),,
3eJPAtEjw5cMzhNLsiXx2Y3yZoi1sQ5eXs4Ntiru6FxC,顶级聪明钱33(顶级叙事聪明钱汇总),,,,,
E82uKSzbi1YHuEPDkVV93xz5zE7phNeMmENQieyyX3kH,八百万巨鲸(Mason的金狗猎手频道),顶级聪明钱34(顶级叙事聪明钱汇总),,,,
J6DkAiY2SjCCff4FY9fV1csAcxfppGfPzBQkkAs5zsnv,顶级聪明钱35(顶级叙事聪明钱汇总),大兔子88号 稳(金狗秘籍),,,,
FXobn8QbTmzHeHu5GPWjDR31jh8HCW7TsqrczF8v7cKA,顶级聪明钱36(顶级叙事聪明钱汇总),,,,,
C3nLTNMK6Ao1s3J1CQhv8GbT3NoMmifWoi9PGEcYd9hP,顶级聪明钱37(顶级叙事聪明钱汇总),ChenPepe(@Nyenchenpepe)(Money Never Sleeps),,,,
AuvtNJMmzL9nhqGphC5ZLbur7s6wjtrVQRNY9noXWoFJ,热点追踪 (中期)(Mason的金狗猎手频道),热点追踪 (中期)(Mason的金狗猎手频道),顶级聪明钱38(顶级叙事聪明钱汇总),,,
2EkhJvG7eunHrecNsAijNx8aGcv2Kjd3schd12Gb5tmp,高胜率大资金(Mason的金狗猎手频道),顶级聪明钱39(顶级叙事聪明钱汇总),聪明钱020(Money Never Sleeps),quart拉盘33 前上人跟 重点(金狗秘籍),,
CYXXLgWP9T4LYFLLgW4JQaB6T2Pf1V7EWdiTvifSjyc1,顶级聪明钱40(顶级叙事聪明钱汇总),,,,,
5pRpKmNNskgSzeJ6S7Pr6KEHuLpBbQAgjKH74pMn1q62,顶级聪明钱20(顶级叙事聪明钱汇总),,,,,
EnQLCLB7NWojruXXNopgH7jhkwoHihTpuzsrtsM2UCSe,顶级聪明钱21(顶级叙事聪明钱汇总),,,,,
D4FTjsFmPTVewiBnmDk6yBy1b6Wi1pXnTQfeRGh9HR1j,顶级聪明钱22(顶级叙事聪明钱汇总),大兔子 6号 稳(金狗秘籍),,,,
4Uq8kK9rzb1BhLKez5LgfzQLHUn2TTX1LRnyfkxFBrDo,顶级聪明钱23(顶级叙事聪明钱汇总),,,,,
BvpqgSpMAB1KmasdsTij52KZdSCPy87QMXypDy2b4n2R,顶级聪明钱24(顶级叙事聪明钱汇总),,,,,
GVjYGNde2aRzd5wGPbRvCpSPpZVYPZQiu1GuYmEYxqkX,百万巨鲸(Mason的金狗猎手频道),百万巨鲸(Mason的金狗猎手频道),顶级聪明钱25(顶级叙事聪明钱汇总),,,
CNudZYFgpbT26fidsiNrWfHeGTBMMeVWqruZXsEkcUPc,高倍高胜率聪明钱(嗅觉灵敏)(Mason的金狗猎手频道),顶级聪明钱26(顶级叙事聪明钱汇总),聪明钱012(Money Never Sleeps),重仓必参考(金狗秘籍),,
ECCKBDWX3MkEcf3bULbLBb9FvrEQLsmPMFTKFpvjzqgP,顶级聪明钱11(顶级叙事聪明钱汇总),傻瓜8号 跟人可上(金狗秘籍),,,,
B3V78wFLo8X62z7aUqXmmX2eitg4GFpduyEeyVLMv1n8,顶级聪明钱12(顶级叙事聪明钱汇总),,,,,
CLegS2MSiCsBksVazCg4Y7Gz3NqeBK21QyvzK4Q7S168,多面聪明钱(Mason的金狗猎手频道),顶级聪明钱13(顶级叙事聪明钱汇总),聪明钱009(Money Never Sleeps),quart拉盘22 前上人跟 重点(金狗秘籍),,
4UtsTXeM6DpYXJJbZRCrD1Zhsaby7mfFMmi9ZhqWeeus,顶级聪明钱14(顶级叙事聪明钱汇总),聪明钱034(Money Never Sleeps),,,,
8yJFWmVTQq69p6VJxGwpzW7ii7c5J9GRAtHCNMMQPydj,顶级聪明钱15(顶级叙事聪明钱汇总),Lexapro(@LexaproTrader)(Money Never Sleeps),热点趋势6 连续重仓上(金狗秘籍),@LexaproTrader(精选聪明钱 & KOL 地址),,
D37KwuoeLJJqVkD9EPaLD4zfwAZdp7WnH6BoJ5BPJ8rb,DNF小号(Mason的金狗猎手频道),顶级聪明钱16(顶级叙事聪明钱汇总),,,,
2uMb4jimbj7v459vpUvVQmVitZKUyCuYvacwPTaPEng6,顶级聪明钱17(顶级叙事聪明钱汇总),聪明钱041(Money Never Sleeps),,,,
8zFZHuSRuDpuAR7J6FzwyF3vKNx4CVW3DFHJerQhc7Zd,高盈利巨鲸(Mason的金狗猎手频道),顶级聪明钱18(顶级叙事聪明钱汇总),POW(@traderpow)(Money Never Sleeps),中线选手 大亏大赚(金狗秘籍),POW(@traderpow)(精选聪明钱 & KOL 地址),
m7Kaas3Kd8FHLnCioSjCoSuVDReZ6FDNBVM6HTNYuF7,顶级聪明钱19(顶级叙事聪明钱汇总),,,,,
71CPXu3TvH3iUKaY1bNkAAow24k6tjH473SsKprQBABC,发誓要做钻石手的王小二(Mason的金狗猎手频道),顶级聪明钱2(顶级叙事聪明钱汇总),王小二(@brc20niubi)(Money Never Sleeps),王小二 大热必上(金狗秘籍),,
FdvYZ99wuATUdd6fuSqyAMJRoGLrcHivnuWHxgst475p,网红2(Mason的金狗猎手频道),顶级聪明钱3(顶级叙事聪明钱汇总),,,,
DNfuF1L62WWyW3pNakVkyGGFzVVhj4Yr52jSmdTyeBHm,DNF(Mason的金狗猎手频道),顶级聪明钱4(顶级叙事聪明钱汇总),DNF(@Ga__ke)(Money Never Sleeps),聪明钱@Ga__ke(聚宝盆),热度可以 dnf(金狗秘籍),Gake DNF聪明钱(@Ga__ke)(精选聪明钱 & KOL 地址)
DBThRhtNc4kQ9dTWT5sW1RgcmEkiDNAJ5vohS8Ww5Aag,顶级聪明钱5(顶级叙事聪明钱汇总),,,,,
7VBTpiiEjkwRbRGHJFUz6o5fWuhPFtAmy8JGhNqwHNnn,顶级聪明钱6(顶级叙事聪明钱汇总),,,,,
22hQSTCXbgQdVVEUWBaHqZGwXuu18mnSp5jbrLvQzcxK,顶级聪明钱7(顶级叙事聪明钱汇总),,,,,
FWuPsvShrLG4r6iYjc3dDCoPneHFdYqDGX4MXuhTDf6y,顶级聪明钱8(顶级叙事聪明钱汇总),聪明钱045(Money Never Sleeps),,,,
G1pRtSyKuWSjTqRDcazzKBDzqEF96i1xSURpiXj3yFcc,CryptoD(Mason的金狗猎手频道),顶级聪明钱9(顶级叙事聪明钱汇总),CryptoD(@CryptoDevinL)(Money Never Sleeps),CryptoD 超小亏超大赚(聚宝盆),重仓 有人上跟(金狗秘籍),CryptoD(@CryptoDevinL)(精选聪明钱 & KOL 地址)
3h65MmPZksoKKyEpEjnWU2Yk2iYT5oZDNitGy5cTaxoE,顶级聪明钱10(顶级叙事聪明钱汇总),,,,,
9UWZFoiCHeYRLmzmDJhdMrP7wgrTw7DMSpPiT2eHgJHe,金狗巨鲸（老外内幕）(Mason的金狗猎手频道),金狗巨鲸（老外内幕）(Mason的金狗猎手频道),顶级聪明钱1(顶级叙事聪明钱汇总),聪明钱008(Money Never Sleeps),,
9gpTQjXFHaPbDs2MKwkke4ix6avi5cPqYwx6oJB46RQc,聪明钱051(Money Never Sleeps),,,,,
8k9Tc7CYG6NrrfZbBFtjtRzaUw87Zpf8R12gxfKNXYGB,聪明钱048(Money Never Sleeps),,,,,
FzMdLdD4JHdrU3pn6hbaPodTMsaRvzf8UothsxxFQGxV,聪明钱049(Money Never Sleeps),,,,,
5q7Xwc2T57sK1DKU6zuwVXvMPsxqB2xrJ3T5AonFYtcY,顶级聪明钱69(顶级叙事聪明钱汇总),聪明钱042(Money Never Sleeps),热点犬 上大户可跟(金狗秘籍),,,
BgUK1zR9woiRM1Nz5s8qfXEfx3DTpPu6z4ZBTQ3dXm6C,聪明钱043(Money Never Sleeps),,,,,
HeTCtaEyC4cNTaKsA5PM5QoveLiUemiEU6T9HW2tdbQp,聪明钱044(Money Never Sleeps),,,,,
FWuPsvShrLG4r6iYjc3dDCoPneHFdYqDGX4MXuhTDf6y,顶级聪明钱8(顶级叙事聪明钱汇总),聪明钱045(Money Never Sleeps),,,,
FJQxGVmeN5uriMQyr2ZaMRYpSUYCA11GDT5vktKKhGdg,聪明钱046(Money Never Sleeps),,,,,
2ssNnQ777XH4JZktYq6dh6bcMz5xdwP89pzTLPpEPkzK,聪明钱047(Money Never Sleeps),,,,,
85pLpaUF2R9SDkGYUMc69gcfo4Xa8GzUwKVg68A6UFoq,聪明钱040(Money Never Sleeps),,,,,
2uMb4jimbj7v459vpUvVQmVitZKUyCuYvacwPTaPEng6,顶级聪明钱17(顶级叙事聪明钱汇总),聪明钱041(Money Never Sleeps),,,,
5cEyvZYK8aVrGdx5e61U6ZjHx4Fk2w5M8Pc3TvGzwVSg,聪明钱033(Money Never Sleeps),,,,,
4UtsTXeM6DpYXJJbZRCrD1Zhsaby7mfFMmi9ZhqWeeus,顶级聪明钱14(顶级叙事聪明钱汇总),聪明钱034(Money Never Sleeps),,,,
yd45RwngtuDHCA1dNJns6NvsyDM8GkYHmcmc6TYns3v,聪明钱035(Money Never Sleeps),,,,,
3kMgsWCKLdyRKJCJNMpwjKdQSN2G89aX3KhAKCVFLoCm,聪明钱036(Money Never Sleeps),,,,,
64wmHEP7k9WN2gP2eMXzMspXU6cj1f16Yigf1MDkcFnH,聪明钱037(Money Never Sleeps),,,,,
2YrKxjg1WKPqd19ivu6fWkfCG7VFZPyCAGYefd9zAnC7,聪明钱038(Money Never Sleeps),,,,,
2J4yED9RVQ9jEnj4t5AvKKVyxHH4eHiGxaLASy8mvPST,聪明钱039(Money Never Sleeps),,,,,
DQgzdMLk9bywbMcSgwg5b9kCfqHrWqFpfWDEHXx3Xc9L,聪明钱032(Money Never Sleeps),,,,,
9mXZsKuQGeHeVCcxQntr2LdJfWB9sBnXgRXrFj7Bfsg5,顶级聪明钱41(顶级叙事聪明钱汇总),聪明钱027(Money Never Sleeps),,,,
CzhMJeCcYsrP4M5Rkd9fcNTaj7XuDHtNJ7Q35axaLLxT,聪明钱028(Money Never Sleeps),,,,,
HdxkiXqeN6qpK2YbG51W23QSWj3Yygc1eEk2zwmKJExp,聪明钱029(Money Never Sleeps),兔子1号 重仓稳(金狗秘籍),,,,
BHCm58VsiSq9p3hqjprLAs6wtjXjtuGnz6vj1i3Upe7X,聪明钱030(Money Never Sleeps),,,,,
69b5DVhkSVpTQh5qkNTQbW6oNLmLE54JWysEiJWjexh9,聪明钱031(Money Never Sleeps),暴击小子4号(金狗秘籍),,,,
5wTLevkkUWzKgRTWKcSjrgdoP8TnrEnXYGaAxFKibsS5,聪明钱019(Money Never Sleeps),,,,,
2EkhJvG7eunHrecNsAijNx8aGcv2Kjd3schd12Gb5tmp,高胜率大资金(Mason的金狗猎手频道),顶级聪明钱39(顶级叙事聪明钱汇总),聪明钱020(Money Never Sleeps),quart拉盘33 前上人跟 重点(金狗秘籍),,
BUhDg7dW7F6ZF8bQAEwTZo1HyNNrRTCLR1MQNSKVYU2i,老鹰12(Mason的金狗猎手频道),聪明钱021(Money Never Sleeps),中后期选手5 重仓稳(金狗秘籍),,,
687kTFNvKG9GXf8UsPzyrKbKpz5ExNrSCWfs7S4PTGiL,顶级聪明钱28(顶级叙事聪明钱汇总),聪明钱024(Money Never Sleeps),宝宝很稳 8号(金狗秘籍),,,
HmMnpw9CYXD4jR6cBSWT7rqaXxWWXCCt633nJzyhvz2N,聪明钱026(Money Never Sleeps),,,,,
3jgub3P9KP3XA9Dwh7XpKu35BiQNTZZXbPmfBAJMsroL,高倍高风险bot(Mason的金狗猎手频道),聪明钱050(Money Never Sleeps),侦察 狗上人跟(金狗秘籍),,,
9UWZFoiCHeYRLmzmDJhdMrP7wgrTw7DMSpPiT2eHgJHe,金狗巨鲸（老外内幕）(Mason的金狗猎手频道),金狗巨鲸（老外内幕）(Mason的金狗猎手频道),顶级聪明钱1(顶级叙事聪明钱汇总),聪明钱008(Money Never Sleeps),,
CLegS2MSiCsBksVazCg4Y7Gz3NqeBK21QyvzK4Q7S168,多面聪明钱(Mason的金狗猎手频道),顶级聪明钱13(顶级叙事聪明钱汇总),聪明钱009(Money Never Sleeps),quart拉盘22 前上人跟 重点(金狗秘籍),,
CWvdyvKHEu8Z6QqGraJT3sLPyp9bJfFhoXcxUYRKC8ou,聪明钱010(Money Never Sleeps),Smart Money 10(What smart money buy),,,,
4EsY8HQB4Ak65diFrSHjwWhKSGC8sKmnzyusM993gk2w,眼光不错赚的不多(Mason的金狗猎手频道),聪明钱011(Money Never Sleeps),早期侦察犬6(金狗秘籍),Smart Money 80(What smart money buy),,
CNudZYFgpbT26fidsiNrWfHeGTBMMeVWqruZXsEkcUPc,高倍高胜率聪明钱(嗅觉灵敏)(Mason的金狗猎手频道),顶级聪明钱26(顶级叙事聪明钱汇总),聪明钱012(Money Never Sleeps),重仓必参考(金狗秘籍),,
ERjCjBRinnL5zGgURC2DneErtqzojV7oNHhqiGnHcXW1,新巨鲸(Mason的金狗猎手频道),聪明钱013(Money Never Sleeps),热点侦察犬6 上人跟(金狗秘籍),,,
8NgW4LgwnTL3mHZknDF9aP9mxApsP8WK566v4Cg9Xi3t,聪明钱014(Money Never Sleeps),goat内幕稳 上人可跟(金狗秘籍),,,,
C1kVQSrNgFXd6u6PFbqDHphsPt98X64dw99FM7xRbQqG,聪明钱015(Money Never Sleeps),tonic内幕5 有人上跟(金狗秘籍),,,,
ECMvT4GQ59aWQVidtzarfvSr7vaZZUnvi1SvaurmtLRD,聪明钱016(Money Never Sleeps),molly内幕2有人上跟(金狗秘籍),,,,
AbcX4XBm7DJ3i9p29i6sU8WLmiW4FWY5tiwB9D6UBbcE,顶级聪明钱29(顶级叙事聪明钱汇总),聪明钱017(Money Never Sleeps),实力强庄钱包 中后期(金狗秘籍),,,
4q7rNU1nRUWY14vaLPpzpc2C756UQE36vaDwphBpLf2s,超高倍胜率低(Mason的金狗猎手频道),聪明钱018(Money Never Sleeps),河马和billy高倍数(聚宝盆),,,
BieeZkdnBAgNYknzo3RH2vku7FcPkFZMZmRJANh2TpW,超早期pump(Mason的金狗猎手频道),聪明钱001(Money Never Sleeps),宝宝很稳 10号(金狗秘籍),,,
HYWo71Wk9PNDe5sBaRKazPnVyGnQDiwgXCFKvgAQ1ENp,聪明钱002(Money Never Sleeps),中线选手06 跟趋势(金狗秘籍),暴击巨鲸，埋伏小市值的盈利很高(精选聪明钱 & KOL 地址),,,
8eKPLevBTQoQ6v5ABWsJYSA3vJgCy8N2cPVMFLQ2y5tT,聪明钱003(Money Never Sleeps),早期热度跟风 无参考(金狗秘籍),以小博大高胜率1(精选聪明钱 & KOL 地址),,,
DfMxre4cKmvogbLrPigxmibVTTQDuzjdXojWzjCXXhzj,聪明钱004(Money Never Sleeps),热点非常敏感选手(金狗秘籍),,,,
DygBZFmF6z16nXywkvM2X3PB4mgLiTSdwJisV1jcfwc2,聪明钱005(Money Never Sleeps),稳 有人上 可跟(金狗秘籍),,,,
5S3DLHSgjLBKApF9Sr76o55C51g9qFwkg3P8JksKQ4t7,聪明钱006(Money Never Sleeps),,,,,
E57hYjjwNAnvXe67C1q7nKRdC2jWMRGLWAJsBJAJrgzR,聪明钱007(Money Never Sleeps),中后期趋势 喜欢追高(金狗秘籍),高胜率2(精选聪明钱 & KOL 地址),,,
CoXccZ3RqJGHQspgei4NdMCW2No1EtTCgevy9CYwaNey,daxiao(@cryptoxiao1127)(Money Never Sleeps),daxiao(@cryptoxiao1127)(精选聪明钱 & KOL 地址),,,,
G1pRtSyKuWSjTqRDcazzKBDzqEF96i1xSURpiXj3yFcc,CryptoD(Mason的金狗猎手频道),顶级聪明钱9(顶级叙事聪明钱汇总),CryptoD(@CryptoDevinL)(Money Never Sleeps),CryptoD 超小亏超大赚(聚宝盆),重仓 有人上跟(金狗秘籍),CryptoD(@CryptoDevinL)(精选聪明钱 & KOL 地址)
8deJ9xeUvXSJwicYptA9mHsU2rN2pDx37KWzkDkEXhU6,cooker(Mason的金狗猎手频道),Cooker(@CookerFlips)(Money Never Sleeps),him疑似(聚宝盆),重仓 好标 容易被埋(金狗秘籍),Cooker(@CookerFlips)(精选聪明钱 & KOL 地址),
DxjmHXm1p7cs8Tezdf2EJm5xnwp9QC2E8CbfD1aXeH1j,顶级聪明钱74(顶级叙事聪明钱汇总),him(@himgajria)(Money Never Sleeps),him(@himgajria) AI喊单王(精选聪明钱 & KOL 地址),,,
HUpPyLU8KWisCAr3mzWy2FKT6uuxQ2qGgJQxyTpDoes5,0xSun(Mason的金狗猎手频道),顶级聪明钱32(顶级叙事聪明钱汇总),0xSun(@0xSunNFT)(Money Never Sleeps),0xSun（sol)(聚宝盆),,
3jN1M8gWLk2ryTGnscrcwRK1Gy4Ttzq5QizWT8uizZsT,Ne0n(@Ne0neth)(Money Never Sleeps),,,,,
952nKaqEPaEiQrH4HqSnT5jki9Eh6bJvwvfwLk4LxuW6,51(@0x515151)(Money Never Sleeps),会抓金狗的51哥(金狗秘籍),,,,
Aqa8H5hmHe9MFY9sW6widbqEuaYv7q2KnRo25ApPhWhA,蓝月亮(@BMooon97_)(Money Never Sleeps),fur内幕2 上人跟(金狗秘籍),,,,
8zFZHuSRuDpuAR7J6FzwyF3vKNx4CVW3DFHJerQhc7Zd,高盈利巨鲸(Mason的金狗猎手频道),顶级聪明钱18(顶级叙事聪明钱汇总),POW(@traderpow)(Money Never Sleeps),中线选手 大亏大赚(金狗秘籍),POW(@traderpow)(精选聪明钱 & KOL 地址),
AMTmcPLHDQ6NU8AVjVkGqN15HyNkTsnAPREGodLCMpVS,yelo(@yelotree)(Money Never Sleeps),yelo(@yelotree)(精选聪明钱 & KOL 地址),,,,
Gf9XgdmvNHt8fUTFsWAccNbKeyDXsgJyZN8iFJKg5Pbd,985学长(Mason的金狗猎手频道),985学长(@Unipioneer)(Money Never Sleeps),会找热度的选手 稳(金狗秘籍),985学长2(@Unipioneer)(精选聪明钱 & KOL 地址),,
CK15zgbG3SSbCFtfnn5TFKswzBxSTWSvaDNoVBgbKYu,冲动冲动再冲动(Mason的金狗猎手频道),威猛先生(@3W5fec)(Money Never Sleeps),威猛先生(精选聪明钱 & KOL 地址),,,
DrvR5Xn84VJ2HABTP3SnFi3V4W7EpZS6djoJC7HATeTg,龙头聪明钱(Mason的金狗猎手频道),Sencrazy(@Sencrazy_)(Money Never Sleeps),Sencrazy(化石手 胜率一般但盈利夸张)(精选聪明钱 & KOL 地址),,,
3SYQn32YG7XowiCzXKuXqnqBWtFvQDp3WeK36eE8rTEi,凉粉小刀(Mason的金狗猎手频道),凉粉小刀(@liangfenxiaodao)(Money Never Sleeps),凉粉小刀(聚宝盆),凉粉小刀(@liangfenxiaodao)(精选聪明钱 & KOL 地址),,
JCqSTuTzk2EHyAUv7VRq8SNZcQhuKT5ATsBJSe9TXz91,0xace(@0xace_eth)(Money Never Sleeps),宝宝很稳 9号(金狗秘籍),0xace(@0xace_eth)(精选聪明钱 & KOL 地址),,,
8yJFWmVTQq69p6VJxGwpzW7ii7c5J9GRAtHCNMMQPydj,顶级聪明钱15(顶级叙事聪明钱汇总),Lexapro(@LexaproTrader)(Money Never Sleeps),热点趋势6 连续重仓上(金狗秘籍),@LexaproTrader(精选聪明钱 & KOL 地址),,
Ay9wnuZCRTceZJuRpGZnuwYZuWdsviM4cMiCwFoSQiPH,冷静哥(Mason的金狗猎手频道),冷静(@hexiecs)(Money Never Sleeps),冷静(聚宝盆),冷静(@hexiecs)(精选聪明钱 & KOL 地址),,
71CPXu3TvH3iUKaY1bNkAAow24k6tjH473SsKprQBABC,发誓要做钻石手的王小二(Mason的金狗猎手频道),顶级聪明钱2(顶级叙事聪明钱汇总),王小二(@brc20niubi)(Money Never Sleeps),王小二 大热必上(金狗秘籍),,
6vdXD7uu4zBXMjWecqMPWGsy5H7dSQXSYJS4gNqGbvTt,0xEdwin999(Mason的金狗猎手频道),顶级聪明钱45(顶级叙事聪明钱汇总),3dwen(@0xEdwin999)(Money Never Sleeps),@0xEdwin999(聚宝盆),热点追的快 晚上稳(金狗秘籍),3dwen(@0xEdwin999)(精选聪明钱 & KOL 地址)
BrokeTYfc2LXSVds9WFyeX4adxnN4GVdFQ1CBky7iNpN,IsBrokeAf(@IsBrokeAf)(Money Never Sleeps),,,,,
DNfuF1L62WWyW3pNakVkyGGFzVVhj4Yr52jSmdTyeBHm,DNF(Mason的金狗猎手频道),顶级聪明钱4(顶级叙事聪明钱汇总),DNF(@Ga__ke)(Money Never Sleeps),聪明钱@Ga__ke(聚宝盆),热度可以 dnf(金狗秘籍),Gake DNF聪明钱(@Ga__ke)(精选聪明钱 & KOL 地址)
9HCTuTPEiQvkUtLmTZvK6uch4E3pDynwJTbNw6jLhp9z,JAMES(@corleonefnf)(Money Never Sleeps),猴哥(@corleonefnf)(精选聪明钱 & KOL 地址),,,,
4YzpSZpxDdjNf3unjkCtdWEsz2FL5mok7e5XQaDNqry8,寻乐(@xunle111)(Money Never Sleeps),,,,,
EfbbhahGNuhqEraRZXrwETfsaKxScngEttdQixWAW4WE,搞钱小猫(@xiaomaogaoqian)(Money Never Sleeps),,,,,
C3nLTNMK6Ao1s3J1CQhv8GbT3NoMmifWoi9PGEcYd9hP,顶级聪明钱37(顶级叙事聪明钱汇总),ChenPepe(@Nyenchenpepe)(Money Never Sleeps),,,,
3G9CBwvBxUnhX4M5pECtchUh1royRtWRPcJ998PtQ5tu,真实倍数不高能赚就行(聚宝盆),出手少 稳8(金狗秘籍),,,,
3SCvv1EnKQNvqJ7n5nbrKMfiT5twsq34bP6RkLNki89w,5LUCEs主号（大资金(聚宝盆),,,,,
3SYQn32YG7XowiCzXKuXqnqBWtFvQDp3WeK36eE8rTEi,凉粉小刀(Mason的金狗猎手频道),凉粉小刀(@liangfenxiaodao)(Money Never Sleeps),凉粉小刀(聚宝盆),凉粉小刀(@liangfenxiaodao)(精选聪明钱 & KOL 地址),,
4625pi6asX1CpKmw1apw3mnGxxntS7F95ALqhWLgVoCr,laolu(聚宝盆),,,,,
4J5rDTvRbzjuKkB4B9rvNEvDz6f1BEBzUVT5mdctKHoT,低频高胜大聪明(Mason的金狗猎手频道),低频高收益(聚宝盆),低频高收益1(精选聪明钱 & KOL 地址),,,
4nhabKaiC4skNBx4Up9KYFFhQq7sk9J1wdXKUtteXaGi,吐槽（群友(聚宝盆),,,,,
4q7rNU1nRUWY14vaLPpzpc2C756UQE36vaDwphBpLf2s,超高倍胜率低(Mason的金狗猎手频道),聪明钱018(Money Never Sleeps),河马和billy高倍数(聚宝盆),,,
69ngexW9UkgRp5KFjLpaK9XNSCxUFmps6jYmqhK3q6m9,内部人士？Mew/Popcat(聚宝盆),,,,,
6fg77vTppRWZaQQaZhBqUtfu1PvRiCtWzoN8qF83fEbS,风无向(聚宝盆),,,,,
7FfB2zQRYUQwpPzkRxAeg2mCBGeCRKp4PCEeULJA9xTo,@himgajria 资助FI的来源钱包（交易所钱包(聚宝盆),,,,,
8rYgrF8Vg3sLCrsRCHWzvG542nfLnWHNQvMFHPcQYtvL,FI@aiwdaddyissues $Shegen(聚宝盆),,,,,
9iyAyxFsCo7iNobHb84FVN6YP3VRJMAJHSbQ6X9nQEfJ,高倍早期聪明钱(Mason的金狗猎手频道),top pnl非交易型(聚宝盆),,,,
AVAZvHLR2PcWpDf8BXY4rVxNHYRBytycHkcB5z5QNXYm,老牌聪明钱(Ansem)(Mason的金狗猎手频道),Ansem(聚宝盆),,,,
Ay9wnuZCRTceZJuRpGZnuwYZuWdsviM4cMiCwFoSQiPH,冷静哥(Mason的金狗猎手频道),冷静(@hexiecs)(Money Never Sleeps),冷静(聚宝盆),冷静(@hexiecs)(精选聪明钱 & KOL 地址),,
CMDarQhUrahd9f3UNEaC5yfBi5ha8gsLEwP9aHZQeDLG,GOAT四百万巨鲸(Mason的金狗猎手频道),大资金风格(聚宝盆),,,,
DNfuF1L62WWyW3pNakVkyGGFzVVhj4Yr52jSmdTyeBHm,DNF(Mason的金狗猎手频道),顶级聪明钱4(顶级叙事聪明钱汇总),DNF(@Ga__ke)(Money Never Sleeps),聪明钱@Ga__ke(聚宝盆),热度可以 dnf(金狗秘籍),Gake DNF聪明钱(@Ga__ke)(精选聪明钱 & KOL 地址)
FR4bdQtxSb6fZp8HvYXZ5qDpRSQ8NxhaGvz5Q89mXMeP,@himgajria 资助FI(聚宝盆),跟趋势热点选手11(金狗秘籍),,,,
FpCgGwrowtdTM8hhHtP3o2shRJqThpnodEk3JG1bkPfx,jintao(Mason的金狗猎手频道),jingtao(聚宝盆),Jingtao(@muzzyvermillion)(精选聪明钱 & KOL 地址),,,
GgdGnxFWdmspMyBTnv6baz5ppabA4LraU2hP1MBzm32r,学长(聚宝盆),中期稳 选手5号(金狗秘籍),,,,
GktBazmf4ZaSZxzqyHjHaBHLk6GjjXF2FgsyCwLu6wtU,@AISafetyMemes(聚宝盆),,,,,
GpaxwRPnFsygJaw1d9uf78Tzt7yDoZr5hBhfWEk7gyRT,小众 抽象派(聚宝盆),,,,,
HUpPyLU8KWisCAr3mzWy2FKT6uuxQ2qGgJQxyTpDoes5,0xSun(Mason的金狗猎手频道),顶级聪明钱32(顶级叙事聪明钱汇总),0xSun(@0xSunNFT)(Money Never Sleeps),0xSun（sol)(聚宝盆),,
jz1RPBQEEgroa63tqPfNWDUgEoJbDzLgz3TthDMHbB1,Shogun 将軍 shogunfucks.sol(聚宝盆),,,,,
zrdWJB8Y7dsuy3DtYHc17k2DXMyJJwCNpaDjhNRP3FG,MeisterDog（KOL）(聚宝盆),前中期2号 稳(金狗秘籍),,,,
7QZGS7MQ4S6hRmE8iXoFTXgQ2hXVUCho2ZhgeWvLNPZT,Murad-S1(聚宝盆),,,,,
Gg7CjSTXBe8UcStD7PjC5vQAr17izUQTNAe1Te64u5Pb,吐槽2（群友(聚宝盆),,,,,
GyBkVYkHBPMapyQeueQ6d44YthwqYiX4ajgnGLqq9P7r,Murad-s2(聚宝盆),,,,,
2xn57hPD2v6ighJFPXNPSoiGUXkW4KKo8Hb3NpXmHZvZ,Murad-s3(聚宝盆),,,,,
EAidUwbaz9vu9ZLSNiDHiPGf6NTZRdzUUQsQbX9kowWa,shoggosh3Dpump上车(聚宝盆),,,,,
4RdA9pordAbYrY3ZYT8zJdJTfHptbFxxsvQm7sJiXqgZ,高胜率高倍数（山羊河马5H上车shoggosh5D上车(聚宝盆),,,,,
4XTbg7KcgrfbU1XqyXw3tAXXTxiVkpJMCHpPLMmBJBPW,只爱重仓(Mason的金狗猎手频道),顶级聪明钱70(顶级叙事聪明钱汇总),POW（Luce11Min上车7K30倍，热点、大亏大赚型(聚宝盆),中后期选手稳(金狗秘籍),,
8K5276kWCmRnS1TLTAKxRznM6NehtHkqCVWxcQhzHrwF,lasercat（sol3(聚宝盆),猫哥大号(@BitCloutCat)(精选聪明钱 & KOL 地址),,,,
ABUqmjGYiZd4mFxVa2ZV4zZUUbB7a7U7EvoPkw4YHvC6,基本没错过大金狗(Mason的金狗猎手频道),猫哥FOREST40mGOAT6HShoggoth3D上车(聚宝盆),价值选手稳(金狗秘籍),,,
AtvnQYaJto2DGu5y583rTNzrFxt9fsz8LWR4piK2MHSz,Mirro(聚宝盆),2号技师 超稳出手少(金狗秘籍),,,,
5Fc7o7MexBkAxw5QgiAe1fsjo8NM2UaYJzcuA3QpwRJz,AI早期且 高胜率(聚宝盆),,,,,
HD2sAksiPtJRUbtReLfbvH1m6phDDn9avsBJteN29qEV,钻石手1$FWOG$GOTA$LUNC$PUPS(聚宝盆),,,,,
AUFtUTXKTat8HZcbHaA9p8STqqLxtimxKhY7BYiyUirr,钻石手2$FWOG$GOTA$LUNC$PUPS(聚宝盆),,,,,
Fj8RmTPDGQXzhEPmWZsCcc6wfZCimEJZtVG3UuM4sxCm,超级钻石手2popcat疑似@kronicle89(聚宝盆),,,,,
6u78dnHYpesnhDBa1fKCVUMr9ai9vn9VhhJ4TUuue5D9,猫哥sol3(聚宝盆),,,,,
8zWb4WM6qoJguSSqoKV2DrzZq2hd2V3w6FktFMP68AxJ,低频高胜市值5涨100M选手（cabal成员？(聚宝盆),,,,,
7jZaGVnuARrPwafmhdvtBL7MACSmdRRq2XqEUMcaZNGL,松鼠23X修格斯15X少标多利型(聚宝盆),,,,,
Ah7SnagSabPNPvkcciYwqqyCR1ymMVW3C9tFvJea1kzV,松鼠三币鲸鱼(聚宝盆),,,,,
Db3PqVvFJjPDdyL1EhcgXBsL1EXQbzU4GmVvf4Kuk49,很少出手大盈利(聚宝盆),,,,,
G1pRtSyKuWSjTqRDcazzKBDzqEF96i1xSURpiXj3yFcc,CryptoD(Mason的金狗猎手频道),顶级聪明钱9(顶级叙事聪明钱汇总),CryptoD(@CryptoDevinL)(Money Never Sleeps),CryptoD 超小亏超大赚(聚宝盆),重仓 有人上跟(金狗秘籍),CryptoD(@CryptoDevinL)(精选聪明钱 & KOL 地址)
2JrTudNHthFHtgHBoJdx9xKgGRAYrir7AUw7shvdW5uR,超大聪明钱(Mason的金狗猎手频道),大赚小亏(大额交易型(聚宝盆),,,,
4oS8HfZrHLBo25svW7cY9GSqLEUG4GPutGpPWJpCzH9P,擅长抄底和找金标(聚宝盆),,,,,
6vdXD7uu4zBXMjWecqMPWGsy5H7dSQXSYJS4gNqGbvTt,0xEdwin999(Mason的金狗猎手频道),顶级聪明钱45(顶级叙事聪明钱汇总),3dwen(@0xEdwin999)(Money Never Sleeps),@0xEdwin999(聚宝盆),热点追的快 晚上稳(金狗秘籍),3dwen(@0xEdwin999)(精选聪明钱 & KOL 地址)
862mqNG4cdoBk4RBjv9pcoUnCiGVbFQQ3a4DUiaTrbFY,老陆小号(聚宝盆),,,,,
8zjWqUaHWyCaw9gZ8r8fF8wrBisRNa4gU2mq74BLDAKJ,佐哥激光猫群友（勿跟待观察(聚宝盆),,,,,
8deJ9xeUvXSJwicYptA9mHsU2rN2pDx37KWzkDkEXhU6,cooker(Mason的金狗猎手频道),Cooker(@CookerFlips)(Money Never Sleeps),him疑似(聚宝盆),重仓 好标 容易被埋(金狗秘籍),Cooker(@CookerFlips)(精选聪明钱 & KOL 地址),
3HRospuJFML9mDRYGvtr7Bw2Gewzd8bPPZzAy6Yqcm1T,早期scf/huahua(交易型？也买彩票易亏(聚宝盆),,,,,
CLegS2MSiCsBksVazCg4Y7Gz3NqeBK21QyvzK4Q7S168,多面聪明钱(Mason的金狗猎手频道),顶级聪明钱13(顶级叙事聪明钱汇总),聪明钱009(Money Never Sleeps),quart拉盘22 前上人跟 重点(金狗秘籍),,
G1pRtSyKuWSjTqRDcazzKBDzqEF96i1xSURpiXj3yFcc,CryptoD(Mason的金狗猎手频道),顶级聪明钱9(顶级叙事聪明钱汇总),CryptoD(@CryptoDevinL)(Money Never Sleeps),CryptoD 超小亏超大赚(聚宝盆),重仓 有人上跟(金狗秘籍),CryptoD(@CryptoDevinL)(精选聪明钱 & KOL 地址)
71CPXu3TvH3iUKaY1bNkAAow24k6tjH473SsKprQBABC,发誓要做钻石手的王小二(Mason的金狗猎手频道),顶级聪明钱2(顶级叙事聪明钱汇总),王小二(@brc20niubi)(Money Never Sleeps),王小二 大热必上(金狗秘籍),,
4EsY8HQB4Ak65diFrSHjwWhKSGC8sKmnzyusM993gk2w,眼光不错赚的不多(Mason的金狗猎手频道),聪明钱011(Money Never Sleeps),早期侦察犬6(金狗秘籍),Smart Money 80(What smart money buy),,
4XTbg7KcgrfbU1XqyXw3tAXXTxiVkpJMCHpPLMmBJBPW,只爱重仓(Mason的金狗猎手频道),顶级聪明钱70(顶级叙事聪明钱汇总),POW（Luce11Min上车7K30倍，热点、大亏大赚型(聚宝盆),中后期选手稳(金狗秘籍),,
CNudZYFgpbT26fidsiNrWfHeGTBMMeVWqruZXsEkcUPc,高倍高胜率聪明钱(嗅觉灵敏)(Mason的金狗猎手频道),顶级聪明钱26(顶级叙事聪明钱汇总),聪明钱012(Money Never Sleeps),重仓必参考(金狗秘籍),,
ERjCjBRinnL5zGgURC2DneErtqzojV7oNHhqiGnHcXW1,新巨鲸(Mason的金狗猎手频道),聪明钱013(Money Never Sleeps),热点侦察犬6 上人跟(金狗秘籍),,,
CUunb4piqJFhxF2GaphJ9X283jYRd1jt8UzVCgeoPCsi,CUunb4...eoPCsi(Mason的金狗猎手频道),热度顺势选手(金狗秘籍),,,,
DNfuF1L62WWyW3pNakVkyGGFzVVhj4Yr52jSmdTyeBHm,DNF(Mason的金狗猎手频道),顶级聪明钱4(顶级叙事聪明钱汇总),DNF(@Ga__ke)(Money Never Sleeps),聪明钱@Ga__ke(聚宝盆),热度可以 dnf(金狗秘籍),Gake DNF聪明钱(@Ga__ke)(精选聪明钱 & KOL 地址)
FR4bdQtxSb6fZp8HvYXZ5qDpRSQ8NxhaGvz5Q89mXMeP,@himgajria 资助FI(聚宝盆),跟趋势热点选手11(金狗秘籍),,,,
ABUqmjGYiZd4mFxVa2ZV4zZUUbB7a7U7EvoPkw4YHvC6,基本没错过大金狗(Mason的金狗猎手频道),猫哥FOREST40mGOAT6HShoggoth3D上车(聚宝盆),价值选手稳(金狗秘籍),,,
Ej6WQwDSUJSDchWDt7dL3K9AsPiyj6DFqk7834DKmWkj,前中期选手(金狗秘籍),Smart Money 52(What smart money buy),,,,
4Be9CvxqHW6BYiRAxW9Q3xu1ycTMWaL5z8NX4HR3ha7t,早期侦察犬稳(金狗秘籍),Mitch(@idrawline)(精选聪明钱 & KOL 地址),,,,
4WMicaY7fmmGrZFENyV4G7Xo5gL9DrQ5cSqP7qL4e64p,前中期好狗1 上人跟(金狗秘籍),,,,,
BjXenSSY4jXEEZ8BZah7WhJQ8Jg6nescxgZTw82ndfse,高确定性选手(重点)(金狗秘籍),,,,,
CLpDttr14kM4svu7jypK4rzsMKdJYAR8emGNPaWs7omB,热点侦察犬2 上人跟(金狗秘籍),,,,,
HPkQu4osTzt3reYjYX8CHufGCGgHesc7PqG6WdhcY4p9,中后期选手66 跟风(金狗秘籍),Smart Money 69(What smart money buy),,,,
Gf9XgdmvNHt8fUTFsWAccNbKeyDXsgJyZN8iFJKg5Pbd,985学长(Mason的金狗猎手频道),985学长(@Unipioneer)(Money Never Sleeps),会找热度的选手 稳(金狗秘籍),985学长2(@Unipioneer)(精选聪明钱 & KOL 地址),,
952nKaqEPaEiQrH4HqSnT5jki9Eh6bJvwvfwLk4LxuW6,51(@0x515151)(Money Never Sleeps),会抓金狗的51哥(金狗秘籍),,,,
BieeZkdnBAgNYknzo3RH2vku7FcPkFZMZmRJANh2TpW,超早期pump(Mason的金狗猎手频道),聪明钱001(Money Never Sleeps),宝宝很稳 10号(金狗秘籍),,,
5bwjwWtTV8ymJCH9GFDtVrEq1zza8Fz1hVec2NwPcFqP,群友 出手少 稳(金狗秘籍),,,,,
6vdXD7uu4zBXMjWecqMPWGsy5H7dSQXSYJS4gNqGbvTt,0xEdwin999(Mason的金狗猎手频道),顶级聪明钱45(顶级叙事聪明钱汇总),3dwen(@0xEdwin999)(Money Never Sleeps),@0xEdwin999(聚宝盆),热点追的快 晚上稳(金狗秘籍),3dwen(@0xEdwin999)(精选聪明钱 & KOL 地址)
8deJ9xeUvXSJwicYptA9mHsU2rN2pDx37KWzkDkEXhU6,cooker(Mason的金狗猎手频道),Cooker(@CookerFlips)(Money Never Sleeps),him疑似(聚宝盆),重仓 好标 容易被埋(金狗秘籍),Cooker(@CookerFlips)(精选聪明钱 & KOL 地址),
BJv6rCw7siVkbCnWaSSow5nD8QFkpt9is5USkF13XGu4,热点狗 快进快出(金狗秘籍),,,,,
5C2yZxzVVnniiBeAj9stzjPotnFDRCwnZymkwzRHNQwd,热点反应快 高倍稳(金狗秘籍),,,,,
8M36Zt6mJ6SXyc8KK5Cc9Wk2zedQYrprrW2rrjgQ7SYn,跟趋势 热点选手88(金狗秘籍),,,,,
8NgW4LgwnTL3mHZknDF9aP9mxApsP8WK566v4Cg9Xi3t,聪明钱014(Money Never Sleeps),goat内幕稳 上人可跟(金狗秘籍),,,,
7azv99nzG6KYzkAP3uTN7trfUFtEqzXw1Pxy8MsR8R6P,前中期 重仓稳(金狗秘籍),,,,,
Aqa8H5hmHe9MFY9sW6widbqEuaYv7q2KnRo25ApPhWhA,蓝月亮(@BMooon97_)(Money Never Sleeps),fur内幕2 上人跟(金狗秘籍),,,,
C1kVQSrNgFXd6u6PFbqDHphsPt98X64dw99FM7xRbQqG,聪明钱015(Money Never Sleeps),tonic内幕5 有人上跟(金狗秘籍),,,,
ECMvT4GQ59aWQVidtzarfvSr7vaZZUnvi1SvaurmtLRD,聪明钱016(Money Never Sleeps),molly内幕2有人上跟(金狗秘籍),,,,
BWAXnnyi5MDsLoQGJ2QprPEe9zSe9dcNwak6bFaq3wRB,早期18 上人可跟(金狗秘籍),Smart Money 55(What smart money buy),,,,
45yBcpnzFTqLYQJtjxsa1DdZkgrTYponCg6yLQ6LQPu6,pump聪明钱(Mason的金狗猎手频道),顶级聪明钱30(顶级叙事聪明钱汇总),跟风趋势8 有人上跟(金狗秘籍),,,
AWiSkqTYBg93zrtepU88jmm2hQ7cuVWsUBaR7TpV8eHc,超稳 可跟 热度 大收益(金狗秘籍),,,,,
9uuq6Uch7nGQxQhHmTfrmXcSLP5nJFxFsRChL36pNG39,趋势选手 会跟(金狗秘籍),,,,,
DygBZFmF6z16nXywkvM2X3PB4mgLiTSdwJisV1jcfwc2,聪明钱005(Money Never Sleeps),稳 有人上 可跟(金狗秘籍),,,,
8eKPLevBTQoQ6v5ABWsJYSA3vJgCy8N2cPVMFLQ2y5tT,聪明钱003(Money Never Sleeps),早期热度跟风 无参考(金狗秘籍),以小博大高胜率1(精选聪明钱 & KOL 地址),,,
DfMxre4cKmvogbLrPigxmibVTTQDuzjdXojWzjCXXhzj,聪明钱004(Money Never Sleeps),热点非常敏感选手(金狗秘籍),,,,
6BJ8YTiiDdSxy7RNLHd4hurmvUjreRFoxLGKYftAGb4x,侦察犬4号 热点很强(金狗秘籍),,,,,
FwgiaChX5pdRAXtTmzbRDxdJmjBhVyg6UMkQAJFGKnM6,88号技师 上人跟(金狗秘籍),,,,,
9HQbw76L1NumMqh7su781go3ug9w8z7poSVoVWGDLLzx,quart拉盘55 前上人跟(金狗秘籍),,,,,
ATmKENkRrL1JQQnoUNAQvkiwgjiHKUkzyncxTGxyzQL1,JAIL 1 (配合其他信号)(Mason的金狗猎手频道),JAIL 1 (配合其他信号)(Mason的金狗猎手频道),兔子11号 稳(金狗秘籍),,,
E57hYjjwNAnvXe67C1q7nKRdC2jWMRGLWAJsBJAJrgzR,聪明钱007(Money Never Sleeps),中后期趋势 喜欢追高(金狗秘籍),高胜率2(精选聪明钱 & KOL 地址),,,
rp8ntGS7P2k3faTvsRSWxQLa3B68DetNbwe1GHLiTUK,ARC2 (谨慎)(Mason的金狗猎手频道),ARC2 (谨慎)(Mason的金狗猎手频道),暴击小子 容易被埋 注意(金狗秘籍),,,
8yJFWmVTQq69p6VJxGwpzW7ii7c5J9GRAtHCNMMQPydj,顶级聪明钱15(顶级叙事聪明钱汇总),Lexapro(@LexaproTrader)(Money Never Sleeps),热点趋势6 连续重仓上(金狗秘籍),@LexaproTrader(精选聪明钱 & KOL 地址),,
2EkhJvG7eunHrecNsAijNx8aGcv2Kjd3schd12Gb5tmp,高胜率大资金(Mason的金狗猎手频道),顶级聪明钱39(顶级叙事聪明钱汇总),聪明钱020(Money Never Sleeps),quart拉盘33 前上人跟 重点(金狗秘籍),,
3G9CBwvBxUnhX4M5pECtchUh1royRtWRPcJ998PtQ5tu,真实倍数不高能赚就行(聚宝盆),出手少 稳8(金狗秘籍),,,,
GgdGnxFWdmspMyBTnv6baz5ppabA4LraU2hP1MBzm32r,学长(聚宝盆),中期稳 选手5号(金狗秘籍),,,,
zrdWJB8Y7dsuy3DtYHc17k2DXMyJJwCNpaDjhNRP3FG,MeisterDog（KOL）(聚宝盆),前中期2号 稳(金狗秘籍),,,,
8zFZHuSRuDpuAR7J6FzwyF3vKNx4CVW3DFHJerQhc7Zd,高盈利巨鲸(Mason的金狗猎手频道),顶级聪明钱18(顶级叙事聪明钱汇总),POW(@traderpow)(Money Never Sleeps),中线选手 大亏大赚(金狗秘籍),POW(@traderpow)(精选聪明钱 & KOL 地址),
AtvnQYaJto2DGu5y583rTNzrFxt9fsz8LWR4piK2MHSz,Mirro(聚宝盆),2号技师 超稳出手少(金狗秘籍),,,,
HYWo71Wk9PNDe5sBaRKazPnVyGnQDiwgXCFKvgAQ1ENp,聪明钱002(Money Never Sleeps),中线选手06 跟趋势(金狗秘籍),暴击巨鲸，埋伏小市值的盈利很高(精选聪明钱 & KOL 地址),,,
Eqxr8e3tuavYEV5xbomqkCrrkJ69xVaGNm5ZwKc4k2aZ,KACY 1(Mason的金狗猎手频道),重仓稳 出手少(金狗秘籍),,,,
3JPYL9xEPFjefV3tccrUwhLzME1mMq2dQSDeDebgzQi6,重点关注！(Mason的金狗猎手频道),中后期技术 稳上(金狗秘籍),,,,
J433tnmDFbCrXwcVcmdiFKAuSuPuB2LTMq2qcRDpSjKE,quart拉盘1 神准稳 前上人跟(金狗秘籍),,,,,
6b9iQzj1P6z8XpmJSAoyHdLZC4oyK8pmTXQVc9iVTEEr,扫链侦察犬 68(金狗秘籍),Smart Money 37(What smart money buy),,,,
5q7Xwc2T57sK1DKU6zuwVXvMPsxqB2xrJ3T5AonFYtcY,顶级聪明钱69(顶级叙事聪明钱汇总),聪明钱042(Money Never Sleeps),热点犬 上大户可跟(金狗秘籍),,,
BUhDg7dW7F6ZF8bQAEwTZo1HyNNrRTCLR1MQNSKVYU2i,老鹰12(Mason的金狗猎手频道),聪明钱021(Money Never Sleeps),中后期选手5 重仓稳(金狗秘籍),,,
AqoKWw6z5uUv3xuwF18AFvJUin1kipcLHBd1HZQNJV99,莱特5(Mason的金狗猎手频道),顶级聪明钱60(顶级叙事聪明钱汇总),中线趋势选手8号 重仓稳(金狗秘籍),,,
CqvFv8FKSC6kiZu8sBKGbZW9ndWUSTbfLX7ML4eeEt2k,兔大金 6-9点重点上(金狗秘籍),,,,,
CNc6BAb2B8RvdvCoxeWkxRKHrneVVCohMXUt2fr4J5TW,兔子4号 参考(金狗秘籍),,,,,
59JHRSyXDSvKT4J1HWs18FWBxyLTNZV2r9pxHWZRjgnv,莱特9(Mason的金狗猎手频道),侦察兔 早期稳(金狗秘籍),,,,
5BmrGZsKHAXVTzW35fMHFdqdqivMdQTLxGMKqZBUja89,ALCH富兔 重点(金狗秘籍),,,,,
H4woYRDC8LQ4gHT5XHPS6iu8MC5erP7RQiiDoYg6Ey2G,塞亚2号 稳定(金狗秘籍),,,,,
3uAy95CcqN5cxrdAcswbMYSGH8tL3epKpnfZW2ufmnsH,宝宝很稳 1号(金狗秘籍),,,,,
4632BMWY69AkVHxN1XLKVuLrednYiLccuMeoXnQBMA7Z,宝宝很稳 2号(金狗秘籍),,,,,
3cDCdriSsgjpUERc1C2CxTqJr1J3NftiWm35pKZVFBj7,Mustard 2(Mason的金狗猎手频道),宝宝很稳 3号(金狗秘籍),,,,
CRVidEDtEUTYZisCxBZkpELzhQc9eauMLR3FWg74tReL,宝宝6号 跟风(金狗秘籍),,,,,
Cw2M6gGJHZhqMqKnoQg59g8W9b2FW3uBQkqMj96dgeoc,莱特10(Mason的金狗猎手频道),宝宝很稳 8号(金狗秘籍),,,,
687kTFNvKG9GXf8UsPzyrKbKpz5ExNrSCWfs7S4PTGiL,顶级聪明钱28(顶级叙事聪明钱汇总),聪明钱024(Money Never Sleeps),宝宝很稳 8号(金狗秘籍),,,
JCqSTuTzk2EHyAUv7VRq8SNZcQhuKT5ATsBJSe9TXz91,0xace(@0xace_eth)(Money Never Sleeps),宝宝很稳 9号(金狗秘籍),0xace(@0xace_eth)(精选聪明钱 & KOL 地址),,,
j1oeQoPeuEDmjvyMwBmCWexzCQup77kbKKxV59CnYbd,实力热点价值选手(金狗秘籍),,,,,
ECCKBDWX3MkEcf3bULbLBb9FvrEQLsmPMFTKFpvjzqgP,顶级聪明钱11(顶级叙事聪明钱汇总),傻瓜8号 跟人可上(金狗秘籍),,,,
Haee7H5bKDCnm6dXLkeR9DcWw9Puhnkwk71QBUSHcpUt,徐乐出手极少稳(金狗秘籍),,,,,
Hnnw2hAgPgGiFKouRWvM3fSk3HnYgRv4Xq1PjUEBEuWM,有同行可参与(金狗秘籍),,,,,
RFSqPtn1JfavGiUD4HJsZyYXvZsycxf31hnYfbyG6iB,兔子2号 稳(金狗秘籍),,,,,
31cQSKeQ86Rr2Apf4xNpFPNQwwGQrUtPJHx7cZJ4cnKk,兔子3号 稳(金狗秘籍),,,,,
HW8vXb3KLiMVEiGLyHGs5H4cieaMqfBMbmDbUYCu9ris,王小二2(金狗秘籍),,,,,
9rE5Wp6j9CPu7fVzJ9PsT18Jy5Hdn6MFTPgrBb2x2Aup,王小二3(金狗秘籍),王小二2(精选聪明钱 & KOL 地址),,,,
69b5DVhkSVpTQh5qkNTQbW6oNLmLE54JWysEiJWjexh9,聪明钱031(Money Never Sleeps),暴击小子4号(金狗秘籍),,,,
BhFysbdw1Ty14vVd5CXYg4qzxTK7onughgk2q8c39i5e,暴击小子5号(金狗秘籍),,,,,
7uAFEzFgfkLyPJjftckL9cKU5o2ypbf2MrPPJH4mjN1P,重仓 好标 选手(金狗秘籍),,,,,
Gcfv7nTZm4np279ANZHWyp8CK3tXXzuMoJFa9APzscox,金牌打手 重仓可跟(金狗秘籍),,,,,
4SoyyC2X9bwqKhwQKEctDCDpR6JmFE3ZShUHmoN6pgDD,超强从不错过大热(Mason的金狗猎手频道),超强从不错过大热(Mason的金狗猎手频道),早期 稳定 热点(金狗秘籍),,,
BfqHS3Qy8TUfUqYBUYckLC651SWRu3GLCcP98zayhku3,金狗嗅觉(Mason的金狗猎手频道),金狗嗅觉(Mason的金狗猎手频道),兔子66号 稳(金狗秘籍),,,
HdxkiXqeN6qpK2YbG51W23QSWj3Yygc1eEk2zwmKJExp,聪明钱029(Money Never Sleeps),兔子1号 重仓稳(金狗秘籍),,,,
FTg1gqW7vPm4kdU1LPM7JJnizbgPdRDy2PitKw6mY27j,兔子88号 稳(金狗秘籍),,,,,
FAHx7CHFiT2Li1xw9KMxMi8xFvaLwfpmL8yqrmWSP3JX,大兔子 5号(金狗秘籍),,,,,
8BsW28br91awMKirLKaHEcevBHDXsac2xactjE5oXsNA,大兔子 3号(金狗秘籍),,,,,
5YRSFUUgE73LPNKgBcFBi74SQPR3v9vDfQyca9ARpx9h,大兔子 2号(金狗秘籍),,,,,
8T9mnATndr2aUw9r28uTtxKSh2JfqJwrctW6XaWPHTgy,稳定鲸鱼(Mason的金狗猎手频道),大兔子 1号(金狗秘籍),,,,
D4FTjsFmPTVewiBnmDk6yBy1b6Wi1pXnTQfeRGh9HR1j,顶级聪明钱22(顶级叙事聪明钱汇总),大兔子 6号 稳(金狗秘籍),,,,
EnBPNMe2DnKtPbiFgYmBpdJndBcg6zdXhAYNk5Yt2nPQ,大兔子 8号 稳(金狗秘籍),,,,,
2duWpiTkdGTmLnqgGYgdKWxQ4UQ95GuvQcHCEoSSWWqY,大兔子 11号(金狗秘籍),,,,,
J6DkAiY2SjCCff4FY9fV1csAcxfppGfPzBQkkAs5zsnv,顶级聪明钱35(顶级叙事聪明钱汇总),大兔子88号 稳(金狗秘籍),,,,
AbcX4XBm7DJ3i9p29i6sU8WLmiW4FWY5tiwB9D6UBbcE,顶级聪明钱29(顶级叙事聪明钱汇总),聪明钱017(Money Never Sleeps),实力强庄钱包 中后期(金狗秘籍),,,
3jgub3P9KP3XA9Dwh7XpKu35BiQNTZZXbPmfBAJMsroL,高倍高风险bot(Mason的金狗猎手频道),聪明钱050(Money Never Sleeps),侦察 狗上人跟(金狗秘籍),,,
2zBoKiPL2A1Mo9pc39sdsAs9a29cv55XbmGLrrH66CMa,Smart Money2(What smart money buy),,,,,
52dq6ajenMwfVz5FYuPKKRzzjkW83Aa85X5xJgFHX7U1,聪明钱(Mason的金狗猎手频道),Smart Money 4(What smart money buy),,,,
3qWq9oEjLE9rZCjUr283NcL97uyRJN1GFdvCCKn68q3x,Smart Money 5(What smart money buy),,,,,
4t9bWuZsXXKGMgmd96nFD4KWxyPNTsPm4q9jEMH4jD2i,Smart Money 6(What smart money buy),,,,,
74PbMva1VccTKdVSSULxH1Xt7fahVqsv9XhwxXhTUg9e,Smart Money 7(What smart money buy),,,,,
8MxkqJ8wxzNRXk1cuvU6JC1gjfYwfeX7Ha5MEsFPtKos,Smart Money 8(What smart money buy),,,,,
E2SRcmvvX71efevxnYJTcW9oggnprz7Xk2aSj3DV558L,Smart Money 9(What smart money buy),,,,,
CWvdyvKHEu8Z6QqGraJT3sLPyp9bJfFhoXcxUYRKC8ou,聪明钱010(Money Never Sleeps),Smart Money 10(What smart money buy),,,,
FYGgfgZFeVxnJKF2RS6MKYHBsUpfJdCwumzkPpxWPM4u,Smart Money 13(What smart money buy),,,,,
EJ7SM8HESPBt6m5nmBFajQMYCH1bov6i7WcaTHodfNpd,Smart Money 14(What smart money buy),,,,,
CYWHDsprQJZu2e6umFAVCAHRK4z4KJWYNhSGWtTEsBve,Smart Money 15(What smart money buy),,,,,
4Ye7cGB5FPMDph2jGrG1Nf6CTqsuoLH72JqFmFfZ9QaQ,Smart Money 16(What smart money buy),,,,,
ve94tFcRnLnwMGf7e5mUXMyAkzzcS4qkzSKZGsQV4kk,Smart Money 17(What smart money buy),,,,,
98mi9itqKwaWdWPFGViAUQ6vZmB9ftphsZcVVCqPsqqT,Smart Money 18(What smart money buy),,,,,
72e6QM7gn9MH5u1YpgQbduexm4WAon1cnsSXPqKnLQec,Smart Money 19(What smart money buy),,,,,
7DCYBoCuLWwYaQHhXxv6F6SV5ZAmnuhR1oucNYgVZWLa,Smart Money 20(What smart money buy),,,,,
3wi8waD5A64D7PLutUYJdhMcrYvDBTqeh3CRFgv1hFtY,Smart Money 21(What smart money buy),,,,,
6Ghj4rQoEFpTuHbVEf1uVPJXVqLsujaV3rGt7Nigioaz,Smart Money 23(What smart money buy),,,,,
HXkaN7TAQYXsybY1UHLrn18cVa9jgM3mbReasbAoSjTv,Smart Money 24(What smart money buy),,,,,
4P499TamZ18UZggV3y5XhLNggpg7A7wtaXyWcXDyxYqd,Smart Money 25(What smart money buy),,,,,
BeTvN1ucBnCj4Ef688i51KHn2oq35CWDvD2J5aLFp17t,Smart Money 26(What smart money buy),,,,,
4MUdaCUmiFtK8W95rP248pbB3gc68txBsTR7cbESp7by,Smart Money 28(What smart money buy),,,,,
EDozia8CitSkQCnpXu3ekLJCoiLvPUWWLgiRTKiES2j2,Smart Money 30(What smart money buy),,,,,
2JMC8J5ypBULTpPQ9i7G4tbXrAEQGvRn7UJ4CNkJ6rLF,Smart Money 31(What smart money buy),,,,,
3zNYwY27RhDd2DmhQDYbyHettmNsjJjH3Qggjdg1GUdh,Smart Money 32(What smart money buy),,,,,
8eLv4nAi3Tr9Cao2XsqMDnqo5Kds4TbR6cRJpHymt1Qd,Smart Money 33(What smart money buy),,,,,
336HqGVQEcX9qRqVjYZK8GLvTaFv1Vv6em4pzvdrMPPU,Smart Money 34(What smart money buy),,,,,
85YmX7kCcUCT3qSRStcqQUHHuHg6XWRHuuwSbAXQK8GR,Smart Money 35(What smart money buy),,,,,
J865X6P4QDE7xp5JmkuPhyeRHZqddnVKR9pZiAJtZEAm,Smart Money 36(What smart money buy),,,,,
6b9iQzj1P6z8XpmJSAoyHdLZC4oyK8pmTXQVc9iVTEEr,扫链侦察犬 68(金狗秘籍),Smart Money 37(What smart money buy),,,,
dVs7zZksjFuq73xbtUC62brFXYYuxCuPSG4wZeGiHck,Smart Money 38(What smart money buy),,,,,
EBnKTDJxUCPzLQDbFE3gsvpiBwq9UiR5NWja6EZtSw3z,Smart Money 39(What smart money buy),,,,,
2byqB8Pypvq6s8W126yJc9SxToTiWTfNFuDU3ZTq9CLT,Smart Money 40(What smart money buy),,,,,
3Vsx9RN9jvnKwdMkHxn6Z2cehtffgghk4Kd4MStHT1P6,Smart Money 42(What smart money buy),,,,,
BtirhbH6hrfpQzSh8Fb5sUPEVtFufuZruuSjq3Rm6DEa,Smart Money 43(What smart money buy),,,,,
37KGftRzq24e8oKjxJ4kYNPwC4yv1YJYBcyxsXRDcetu,Smart Money 44(What smart money buy),,,,,
6MatrmJaxwJRc7MALQF2zn2GgmV7BxmRZrsc3qkRu7h1,Smart Money 46(What smart money buy),,,,,
4d9K3qnY4p2tBDVxZtUrm4FNbge4yGZQDCL9LuMCNDr7,Smart Money 45(What smart money buy),,,,,
DZGGYbZovLfWZuvLGDLZtKK82mno3BKpfyYw22ZEb8mp,Smart Money 47(What smart money buy),,,,,
4hBL4Z2Tvn2bCNqZniAxL82xviPJaTQeyKMdnLwsVt7L,Smart Money 48(What smart money buy),,,,,
DgAhccuXs7mjbvY3EXX6XLkBB5WStESQyLGQ9vLL1Z5x,Smart Money 49(What smart money buy),,,,,
21Re7ghAGLCH1WPwygPJonkBSQL2AkUWeAhLcsbmPVk5,Smart Money 50(What smart money buy),,,,,
Zj1xefkzK1bTpbmJLxcrSnL5bicyZMEct5tyihg2Gqw,Smart Money 51(What smart money buy),,,,,
Ej6WQwDSUJSDchWDt7dL3K9AsPiyj6DFqk7834DKmWkj,前中期选手(金狗秘籍),Smart Money 52(What smart money buy),,,,
8oFNuyY7tA4Cw6dqamxzciAUYqPPCvckoT9srhvvUWkx,Smart Money 53(What smart money buy),,,,,
5gcNUSYdHkggsxLCDDzpE5PFm9BioZo7mrbC5dvLsJ5m,Smart Money 54(What smart money buy),,,,,
BWAXnnyi5MDsLoQGJ2QprPEe9zSe9dcNwak6bFaq3wRB,早期18 上人可跟(金狗秘籍),Smart Money 55(What smart money buy),,,,
6JJdhkhk2fsxJcv5f2pEfrkMfHDe6bJSWT6JF2pUXGAK,Smart Money 56(What smart money buy),,,,,
4Vg8eMEQ8hdiFfkwLJnjxDcRTX88TUc8w9hvsokvNS2q,Smart Money 57(What smart money buy),,,,,
5ALWWdyNW49HLKUSkj27LVeuqYWX6wY1ZxGHsF41eVnY,Smart Money 59(What smart money buy),,,,,
DJkPJC6N7Hc47HzoeCTm6GnA9uVa3nduyTXavweL4YB8,SM61 网格机器人(What smart money buy),,,,,
4dAroqRjhybdrkAS1BDHSm1137vc1TNzrhWPPd5i9vbK,Smart Money 62(What smart money buy),,,,,
9qkw1M8VmFAqZvvsyXromDx4voFfHrsE1Gzmws9PY9At,Smart Money 63(What smart money buy),,,,,
AfEnd11q8eu3xusJ9kYvRH1b63o8y5C9pFeP1dK5CX2d,Smart Money 64(What smart money buy),,,,,
C1BpVrTbSdjF5qhfXcjdA6vF9RQN9UAkEf5KFxa8AVmZ,Smart Money 66(What smart money buy),,,,,
5Sb8odYw11j2F3bH1DTTVVxtyZq3eygZUkB61NVqp7f2,Smart Money 67(What smart money buy),,,,,
E4PfQC8gbxT1miUc9sf3ooSSx2yc2pVwdLU8f7grmKtV,Smart Money 68(What smart money buy),,,,,
HPkQu4osTzt3reYjYX8CHufGCGgHesc7PqG6WdhcY4p9,中后期选手66 跟风(金狗秘籍),Smart Money 69(What smart money buy),,,,
FKRtL4cSa8XxxcBUCka8UwVboheJCYaV1oyEPGa4eg3B,Smart Money 70(What smart money buy),,,,,
7A4x4kL8LZgKyNb8deE9xM5wH7jhLLFPJJatZqtfAjGr,Smart Money 71(What smart money buy),,,,,
3SfMd2vmrKqQHbq898nvqtZNbogjDEcANcUGmRaeV4bN,Smart Money 74(What smart money buy),,,,,
8nzbEN3FKUeayEhWkmEc3NP8NBChJjUt969UhDr1Qvk7,Smart Money 75(What smart money buy),,,,,
EtDE5iBoPmhQNMvEphsy2rxUdNzMCRUkbv5R2y8kgfo2,Smart Money 76(What smart money buy),,,,,
2vkYVxq7HqrB2dzUH4VQ28wGAzv5c6ySt5uqPss5rGTJ,Smart Money 77(What smart money buy),,,,,
HvHX9Q89eMJvEZXYFfG12AyTWmTqRPF1QkGVQfhj9Qym,Smart Money 78(What smart money buy),,,,,
BstRMYHnZLJxEjcsPfGhK3PYQephrLmmmwmKVipJn6cH,Smart Money 79(What smart money buy),,,,,
4EsY8HQB4Ak65diFrSHjwWhKSGC8sKmnzyusM993gk2w,眼光不错赚的不多(Mason的金狗猎手频道),聪明钱011(Money Never Sleeps),早期侦察犬6(金狗秘籍),Smart Money 80(What smart money buy),,
Cd4qXCNDyeqesG5pGD4MSsYx3eyTVyNMhxSktP8tUPci,百战百胜.sol(精选聪明钱 & KOL 地址),,,,,
27nKnCT3DD5NLJw3xbq3KDL3thx6KTe6DmrRCbi2uszE,@machibigbrother 麻吉大哥(精选聪明钱 & KOL 地址),,,,,
2aDBRNNdGEnCq2Av6Wz447CqgdEbmEaDudfGW1M85MAC,@BillyM2k 狗狗币founder(精选聪明钱 & KOL 地址),,,,,
3TS4gKNUUx1ZAKCQ374vH6ZBJchWJKKTp32LDmSFKzhQ,James(@corleonefnf)(精选聪明钱 & KOL 地址),,,,,
3RnKNpzX5Nd7PTZBEVrYXVrHyu8Erbbo23QeXtWMTjaZ,@Solshotta(精选聪明钱 & KOL 地址),,,,,
3ESYpN6WpEdN5syU5ohucpfEC8txmoF8VFpeJwRdnVHm,@ShockedJS(精选聪明钱 & KOL 地址),,,,,
5R4RJojpoKNwBcJNgVYGtwXdmhyEHWXGDBQqUnSpLfcW,goat创始人(@AndyAyrey)(精选聪明钱 & KOL 地址),,,,,
5h1jGMwjhBNTQRrwzyBaBCEgxkgzfThErhtB37B3FVVn,0xSun 狙击(@0xSunNFT)(精选聪明钱 & KOL 地址),,,,,
5D6UYcnKqSHhYZUcezDaykATzu573bRM2QRurEUqQJp6,阿比(@taulebiii)(精选聪明钱 & KOL 地址),,,,,
4Be9CvxqHW6BYiRAxW9Q3xu1ycTMWaL5z8NX4HR3ha7t,早期侦察犬稳(金狗秘籍),Mitch(@idrawline)(精选聪明钱 & KOL 地址),,,,
4J5rDTvRbzjuKkB4B9rvNEvDz6f1BEBzUVT5mdctKHoT,低频高胜大聪明(Mason的金狗猎手频道),低频高收益(聚宝盆),低频高收益1(精选聪明钱 & KOL 地址),,,
6SUbbuWy65jcMU62Hqui44yCSwbCRTnKoKodtzuxqrrL,Sol基金会创始人Toly(@aeyakovenko)(精选聪明钱 & KOL 地址),,,,,
7DKLZRzFrwu4dTUkJDYkMBbeRkGRfGHo6mFnH2tYSExk,镭射猫(@BitCloutCat)(精选聪明钱 & KOL 地址),,,,,
75ugq4BnAApScig3D4w8Urx7ujXKDYc1VTEvzafFbabT,镭射猫(@BitCloutCat)(精选聪明钱 & KOL 地址),,,,,
7iSG5y8f4DHtUEPLcgWQnJso99JRB51opyaRoH8qWZ8r,镭射猫(@BitCloutCat)(精选聪明钱 & KOL 地址),,,,,
8CcSMDuzoRcBZ36uggJN9Fq8y2hGXeHifWxRFkuXM5t5,辉哥sol(@7488eth)(精选聪明钱 & KOL 地址),,,,,
6W7kV1Ym3Uaw1vkA6Fu96GbEwypGeCVJS9Eb5oNbpCW8,QWERTY(@Quanterty)(精选聪明钱 & KOL 地址),,,,,
8K5276kWCmRnS1TLTAKxRznM6NehtHkqCVWxcQhzHrwF,lasercat（sol3(聚宝盆),猫哥大号(@BitCloutCat)(精选聪明钱 & KOL 地址),,,,
DNfuF1L62WWyW3pNakVkyGGFzVVhj4Yr52jSmdTyeBHm,DNF(Mason的金狗猎手频道),顶级聪明钱4(顶级叙事聪明钱汇总),DNF(@Ga__ke)(Money Never Sleeps),聪明钱@Ga__ke(聚宝盆),热度可以 dnf(金狗秘籍),Gake DNF聪明钱(@Ga__ke)(精选聪明钱 & KOL 地址)
9HCTuTPEiQvkUtLmTZvK6uch4E3pDynwJTbNw6jLhp9z,JAMES(@corleonefnf)(Money Never Sleeps),猴哥(@corleonefnf)(精选聪明钱 & KOL 地址),,,,
6vdXD7uu4zBXMjWecqMPWGsy5H7dSQXSYJS4gNqGbvTt,0xEdwin999(Mason的金狗猎手频道),顶级聪明钱45(顶级叙事聪明钱汇总),3dwen(@0xEdwin999)(Money Never Sleeps),@0xEdwin999(聚宝盆),热点追的快 晚上稳(金狗秘籍),3dwen(@0xEdwin999)(精选聪明钱 & KOL 地址)
8zFZHuSRuDpuAR7J6FzwyF3vKNx4CVW3DFHJerQhc7Zd,高盈利巨鲸(Mason的金狗猎手频道),顶级聪明钱18(顶级叙事聪明钱汇总),POW(@traderpow)(Money Never Sleeps),中线选手 大亏大赚(金狗秘籍),POW(@traderpow)(精选聪明钱 & KOL 地址),
AMTmcPLHDQ6NU8AVjVkGqN15HyNkTsnAPREGodLCMpVS,yelo(@yelotree)(Money Never Sleeps),yelo(@yelotree)(精选聪明钱 & KOL 地址),,,,
9rE5Wp6j9CPu7fVzJ9PsT18Jy5Hdn6MFTPgrBb2x2Aup,王小二3(金狗秘籍),王小二2(精选聪明钱 & KOL 地址),,,,
8eKPLevBTQoQ6v5ABWsJYSA3vJgCy8N2cPVMFLQ2y5tT,聪明钱003(Money Never Sleeps),早期热度跟风 无参考(金狗秘籍),以小博大高胜率1(精选聪明钱 & KOL 地址),,,
E57hYjjwNAnvXe67C1q7nKRdC2jWMRGLWAJsBJAJrgzR,聪明钱007(Money Never Sleeps),中后期趋势 喜欢追高(金狗秘籍),高胜率2(精选聪明钱 & KOL 地址),,,
4qWmgHK2MU52L11sFcwnzqCz4UPXBpH3f4Tk8rpaQQ56,985学长1(@Unipioneer)(精选聪明钱 & KOL 地址),,,,,
Gf9XgdmvNHt8fUTFsWAccNbKeyDXsgJyZN8iFJKg5Pbd,985学长(Mason的金狗猎手频道),985学长(@Unipioneer)(Money Never Sleeps),会找热度的选手 稳(金狗秘籍),985学长2(@Unipioneer)(精选聪明钱 & KOL 地址),,
CK15zgbG3SSbCFtfnn5TFKswzBxSTWSvaDNoVBgbKYu,冲动冲动再冲动(Mason的金狗猎手频道),威猛先生(@3W5fec)(Money Never Sleeps),威猛先生(精选聪明钱 & KOL 地址),,,
DrvR5Xn84VJ2HABTP3SnFi3V4W7EpZS6djoJC7HATeTg,龙头聪明钱(Mason的金狗猎手频道),Sencrazy(@Sencrazy_)(Money Never Sleeps),Sencrazy(化石手 胜率一般但盈利夸张)(精选聪明钱 & KOL 地址),,,
3SYQn32YG7XowiCzXKuXqnqBWtFvQDp3WeK36eE8rTEi,凉粉小刀(Mason的金狗猎手频道),凉粉小刀(@liangfenxiaodao)(Money Never Sleeps),凉粉小刀(聚宝盆),凉粉小刀(@liangfenxiaodao)(精选聪明钱 & KOL 地址),,
JCqSTuTzk2EHyAUv7VRq8SNZcQhuKT5ATsBJSe9TXz91,0xace(@0xace_eth)(Money Never Sleeps),宝宝很稳 9号(金狗秘籍),0xace(@0xace_eth)(精选聪明钱 & KOL 地址),,,
8yJFWmVTQq69p6VJxGwpzW7ii7c5J9GRAtHCNMMQPydj,顶级聪明钱15(顶级叙事聪明钱汇总),Lexapro(@LexaproTrader)(Money Never Sleeps),热点趋势6 连续重仓上(金狗秘籍),@LexaproTrader(精选聪明钱 & KOL 地址),,
FpCgGwrowtdTM8hhHtP3o2shRJqThpnodEk3JG1bkPfx,jintao(Mason的金狗猎手频道),jingtao(聚宝盆),Jingtao(@muzzyvermillion)(精选聪明钱 & KOL 地址),,,
CoXccZ3RqJGHQspgei4NdMCW2No1EtTCgevy9CYwaNey,daxiao(@cryptoxiao1127)(Money Never Sleeps),daxiao(@cryptoxiao1127)(精选聪明钱 & KOL 地址),,,,
G1pRtSyKuWSjTqRDcazzKBDzqEF96i1xSURpiXj3yFcc,CryptoD(Mason的金狗猎手频道),顶级聪明钱9(顶级叙事聪明钱汇总),CryptoD(@CryptoDevinL)(Money Never Sleeps),CryptoD 超小亏超大赚(聚宝盆),重仓 有人上跟(金狗秘籍),CryptoD(@CryptoDevinL)(精选聪明钱 & KOL 地址)
HaZtFxgw99iM97LxmwFuDW6k4MP1XwsWTGoy7GUoSELj,Cobie(@cobie)(精选聪明钱 & KOL 地址),,,,,
Ay9wnuZCRTceZJuRpGZnuwYZuWdsviM4cMiCwFoSQiPH,冷静哥(Mason的金狗猎手频道),冷静(@hexiecs)(Money Never Sleeps),冷静(聚宝盆),冷静(@hexiecs)(精选聪明钱 & KOL 地址),,
HYWo71Wk9PNDe5sBaRKazPnVyGnQDiwgXCFKvgAQ1ENp,聪明钱002(Money Never Sleeps),中线选手06 跟趋势(金狗秘籍),暴击巨鲸，埋伏小市值的盈利很高(精选聪明钱 & KOL 地址),,,
8deJ9xeUvXSJwicYptA9mHsU2rN2pDx37KWzkDkEXhU6,cooker(Mason的金狗猎手频道),Cooker(@CookerFlips)(Money Never Sleeps),him疑似(聚宝盆),重仓 好标 容易被埋(金狗秘籍),Cooker(@CookerFlips)(精选聪明钱 & KOL 地址),
DxjmHXm1p7cs8Tezdf2EJm5xnwp9QC2E8CbfD1aXeH1j,顶级聪明钱74(顶级叙事聪明钱汇总),him(@himgajria)(Money Never Sleeps),him(@himgajria) AI喊单王(精选聪明钱 & KOL 地址),,,
DKgvpfttzmJqZXdavDwTxwSVkajibjzJnN2FA99dyciK,聪明钱1（偶尔内幕）(精选聪明钱 & KOL 地址),,,,,
AizQEJBiDZqKoLZgvJPJ4gJEL3XK6KpmxzfBdWr7PqHd,冷静2(@hexiecs)(精选聪明钱 & KOL 地址),,,,,
8gVvzKbdnuPqyPhjodZkgwGCzuXANSbRRuWQb9kLNWjQ,Ed_x區塊日記2(@Ed_x0101)(精选聪明钱 & KOL 地址),,,,,
2btYi2pqVgtgzLqeAXE122FPhN2xBJMQpE1V9CMNv4EH,Ed_x區塊日記(@Ed_x0101)(精选聪明钱 & KOL 地址),,,,,
4uHmfcXL1Er4NCe7uXX8SYSQvQx9egfqpMCZSAi3R4LV,巨鲸聪明钱2(精选聪明钱 & KOL 地址),,,,,
GpNbukV5nggkJfsEEbKrJaZkdgYcNWCAaD91Mi4MmGQi,jingtao(Mason的金狗猎手频道),巨鲸聪明钱1(精选聪明钱 & KOL 地址),,,,
